baseline,seed,frame_id,q_img,q_init,degraded,rtt_ms,retry_count,route_decision,valid
B0,1,0,0.468,0.468,0,595.87,0,upload_cloud,0
B0,1,1,0.5622,0.5622,1,428.49,0,upload_cloud,1
B0,1,2,0.409,0.409,1,656.26,0,upload_cloud,0
B0,1,3,0.4903,0.4903,0,233.38,0,upload_cloud,0
B0,1,4,0.5528,0.5528,1,394.62,0,upload_cloud,1
B0,1,5,0.5508,0.5508,1,193.03,0,upload_cloud,1
B0,1,6,0.4322,0.4322,1,400.69,0,upload_cloud,0
B0,1,7,0.6176,0.6176,0,285.99,0,upload_cloud,1
B0,1,8,0.654,0.654,0,104.59,0,upload_cloud,1
B0,1,9,0.6896,0.6896,0,444.57,0,upload_cloud,1
B0,1,10,0.4445,0.4445,1,567.78,0,upload_cloud,0
B0,1,11,0.553,0.553,1,461.09,0,upload_cloud,1
B0,1,12,0.5091,0.5091,0,470.88,0,upload_cloud,1
B0,1,13,0.5217,0.5217,0,348.7,0,upload_cloud,1
B0,1,14,0.3758,0.3758,1,516.54,0,upload_cloud,0
B0,1,15,0.5053,0.5053,0,330.51,0,upload_cloud,1
B0,1,16,0.4913,0.4913,0,623.29,0,upload_cloud,0
B0,1,17,0.4813,0.4813,0,694.94,0,upload_cloud,0
B0,1,18,0.6482,0.6482,1,291.96,0,upload_cloud,1
B0,1,19,0.4358,0.4358,1,616.49,0,upload_cloud,0
B0,1,20,0.619,0.619,0,365.9,0,upload_cloud,1
B0,1,21,0.5468,0.5468,1,107.77,0,upload_cloud,1
B0,1,22,0.4586,0.4586,1,738.18,0,upload_cloud,0
B0,1,23,0.4433,0.4433,1,237.26,0,upload_cloud,0
B0,1,24,0.5505,0.5505,0,407.03,0,upload_cloud,1
B0,1,25,0.4963,0.4963,0,458.93,0,upload_cloud,0
B0,1,26,0.4753,0.4753,0,364.32,0,upload_cloud,0
B0,1,27,0.4743,0.4743,1,715.74,0,upload_cloud,0
B0,1,28,0.4303,0.4303,1,524.97,0,upload_cloud,0
B0,1,29,0.3522,0.3522,1,429.76,0,upload_cloud,0
B0,1,30,0.4485,0.4485,1,425.44,0,upload_cloud,0
B0,1,31,0.2664,0.2664,1,354.99,0,upload_cloud,0
B0,1,32,0.618,0.618,1,127.19,0,upload_cloud,1
B0,1,33,0.3308,0.3308,1,357.1,0,upload_cloud,0
B0,1,34,0.4372,0.4372,1,485.83,0,upload_cloud,0
B0,1,35,0.4911,0.4911,1,577.39,0,upload_cloud,0
B0,1,36,0.4499,0.4499,0,565.89,0,upload_cloud,0
B0,1,37,0.5085,0.5085,0,346.39,0,upload_cloud,1
B0,1,38,0.5569,0.5569,1,295.13,0,upload_cloud,1
B0,1,39,0.5806,0.5806,1,159.61,0,upload_cloud,1
B0,1,40,0.5971,0.5971,0,370.8,0,upload_cloud,1
B0,1,41,0.435,0.435,1,691.27,0,upload_cloud,0
B0,1,42,0.5796,0.5796,1,168.9,0,upload_cloud,1
B0,1,43,0.566,0.566,0,179.18,0,upload_cloud,1
B0,1,44,0.3109,0.3109,1,695.34,0,upload_cloud,0
B0,1,45,0.4485,0.4485,0,365.27,0,upload_cloud,0
B0,1,46,0.4909,0.4909,0,583.45,0,upload_cloud,0
B0,1,47,0.408,0.408,0,567.03,0,upload_cloud,0
B0,1,48,0.5558,0.5558,0,523.38,0,upload_cloud,1
B0,1,49,0.4778,0.4778,0,430.88,0,upload_cloud,0
B0,1,50,0.6708,0.6708,1,115.21,0,upload_cloud,1
B0,1,51,0.612,0.612,0,299.14,0,upload_cloud,1
B0,1,52,0.5206,0.5206,1,188.23,0,upload_cloud,1
B0,1,53,0.5634,0.5634,0,117.61,0,upload_cloud,1
B0,1,54,0.4492,0.4492,0,222.43,0,upload_cloud,0
B0,1,55,0.5191,0.5191,0,454.5,0,upload_cloud,1
B0,1,56,0.6437,0.6437,0,381.2,0,upload_cloud,1
B0,1,57,0.6074,0.6074,0,525.67,0,upload_cloud,1
B0,1,58,0.4374,0.4374,1,442.1,0,upload_cloud,0
B0,1,59,0.4381,0.4381,1,507.51,0,upload_cloud,0
B0,1,60,0.6602,0.6602,0,513.98,0,upload_cloud,1
B0,1,61,0.7064,0.7064,1,132.14,0,upload_cloud,1
B0,1,62,0.4803,0.4803,0,447.88,0,upload_cloud,0
B0,1,63,0.6068,0.6068,1,182.29,0,upload_cloud,1
B0,1,64,0.5886,0.5886,1,287.22,0,upload_cloud,1
B0,1,65,0.5666,0.5666,0,460.44,0,upload_cloud,1
B0,1,66,0.5556,0.5556,1,407.34,0,upload_cloud,1
B0,1,67,0.4358,0.4358,1,594.31,0,upload_cloud,0
B0,1,68,0.7442,0.7442,0,402.75,0,upload_cloud,1
B0,1,69,0.6413,0.6413,0,550.83,0,upload_cloud,1
B0,1,70,0.5012,0.5012,1,327.06,0,upload_cloud,1
B0,1,71,0.5176,0.5176,1,179.74,0,upload_cloud,1
B0,1,72,0.4787,0.4787,1,402.38,0,upload_cloud,0
B0,1,73,0.7397,0.7397,0,144.53,0,upload_cloud,1
B0,1,74,0.6484,0.6484,1,386.2,0,upload_cloud,1
B0,1,75,0.4478,0.4478,1,266.66,0,upload_cloud,0
B0,1,76,0.4019,0.4019,1,470.02,0,upload_cloud,0
B0,1,77,0.3717,0.3717,1,365.0,0,upload_cloud,0
B0,1,78,0.5289,0.5289,0,163.43,0,upload_cloud,1
B0,1,79,0.6242,0.6242,1,172.83,0,upload_cloud,1
B0,1,80,0.5415,0.5415,1,75.23,0,upload_cloud,1
B0,1,81,0.4068,0.4068,1,451.85,0,upload_cloud,0
B0,1,82,0.552,0.552,1,307.01,0,upload_cloud,1
B0,1,83,0.5685,0.5685,1,360.93,0,upload_cloud,1
B0,1,84,0.4153,0.4153,1,681.83,0,upload_cloud,0
B0,1,85,0.482,0.482,1,420.58,0,upload_cloud,0
B0,1,86,0.3328,0.3328,0,463.34,0,upload_cloud,0
B0,1,87,0.4081,0.4081,1,229.3,0,upload_cloud,0
B0,1,88,0.4181,0.4181,1,587.0,0,upload_cloud,0
B0,1,89,0.4758,0.4758,0,511.97,0,upload_cloud,0
B0,1,90,0.5174,0.5174,1,65.43,0,upload_cloud,1
B0,1,91,0.4028,0.4028,1,651.28,0,upload_cloud,0
B0,1,92,0.2862,0.2862,0,553.14,0,upload_cloud,0
B0,1,93,0.4487,0.4487,1,297.77,0,upload_cloud,0
B0,1,94,0.4492,0.4492,1,665.42,0,upload_cloud,0
B0,1,95,0.6646,0.6646,0,373.25,0,upload_cloud,1
B0,1,96,0.6017,0.6017,0,551.04,0,upload_cloud,1
B0,1,97,0.7946,0.7946,0,456.52,0,upload_cloud,1
B0,1,98,0.3457,0.3457,1,521.8,0,upload_cloud,0
B0,1,99,0.3728,0.3728,1,605.11,0,upload_cloud,0
B0,1,100,0.2879,0.2879,0,450.54,0,upload_cloud,0
B0,1,101,0.48,0.48,1,665.04,0,upload_cloud,0
B0,1,102,0.6568,0.6568,0,194.74,0,upload_cloud,1
B0,1,103,0.7057,0.7057,0,142.58,0,upload_cloud,1
B0,1,104,0.7197,0.7197,0,415.48,0,upload_cloud,1
B0,1,105,0.5715,0.5715,1,96.83,0,upload_cloud,1
B0,1,106,0.4161,0.4161,0,448.1,0,upload_cloud,0
B0,1,107,0.4163,0.4163,1,329.46,0,upload_cloud,0
B0,1,108,0.5459,0.5459,0,247.13,0,upload_cloud,1
B0,1,109,0.4846,0.4846,0,459.08,0,upload_cloud,0
B0,1,110,0.6504,0.6504,0,531.93,0,upload_cloud,1
B0,1,111,0.4883,0.4883,1,677.0,0,upload_cloud,0
B0,1,112,0.5704,0.5704,0,90.23,0,upload_cloud,1
B0,1,113,0.4116,0.4116,1,526.52,0,upload_cloud,0
B0,1,114,0.6133,0.6133,0,326.51,0,upload_cloud,1
B0,1,115,0.4346,0.4346,1,557.04,0,upload_cloud,0
B0,1,116,0.2373,0.2373,0,290.65,0,upload_cloud,0
B0,1,117,0.5195,0.5195,0,410.76,0,upload_cloud,1
B0,1,118,0.4553,0.4553,1,309.76,0,upload_cloud,0
B0,1,119,0.3545,0.3545,1,318.27,0,upload_cloud,0
B0,1,120,0.393,0.393,1,230.67,0,upload_cloud,0
B0,1,121,0.6465,0.6465,0,263.63,0,upload_cloud,1
B0,1,122,0.5238,0.5238,1,123.73,0,upload_cloud,1
B0,1,123,0.4443,0.4443,1,540.72,0,upload_cloud,0
B0,1,124,0.4388,0.4388,1,540.92,0,upload_cloud,0
B0,1,125,0.6401,0.6401,0,479.96,0,upload_cloud,1
B0,1,126,0.6281,0.6281,0,124.71,0,upload_cloud,1
B0,1,127,0.5458,0.5458,0,156.21,0,upload_cloud,1
B0,1,128,0.417,0.417,1,574.17,0,upload_cloud,0
B0,1,129,0.8126,0.8126,0,429.53,0,upload_cloud,1
B0,1,130,0.4288,0.4288,1,293.94,0,upload_cloud,0
B0,1,131,0.407,0.407,1,296.11,0,upload_cloud,0
B0,1,132,0.4334,0.4334,1,372.31,0,upload_cloud,0
B0,1,133,0.563,0.563,1,204.47,0,upload_cloud,1
B0,1,134,0.7207,0.7207,0,407.69,0,upload_cloud,1
B0,1,135,0.4612,0.4612,0,266.01,0,upload_cloud,0
B0,1,136,0.4557,0.4557,0,496.34,0,upload_cloud,0
B0,1,137,0.397,0.397,1,405.68,0,upload_cloud,0
B0,1,138,0.516,0.516,1,364.18,0,upload_cloud,1
B0,1,139,0.5786,0.5786,1,81.03,0,upload_cloud,1
B0,1,140,0.3854,0.3854,1,581.62,0,upload_cloud,0
B0,1,141,0.6618,0.6618,0,121.18,0,upload_cloud,1
B0,1,142,0.4361,0.4361,1,718.85,0,upload_cloud,0
B0,1,143,0.6454,0.6454,0,111.26,0,upload_cloud,1
B0,1,144,0.6366,0.6366,0,272.65,0,upload_cloud,1
B0,1,145,0.6394,0.6394,0,348.25,0,upload_cloud,1
B0,1,146,0.6166,0.6166,0,427.33,0,upload_cloud,1
B0,1,147,0.5065,0.5065,0,307.12,0,upload_cloud,1
B0,1,148,0.4722,0.4722,1,464.63,0,upload_cloud,0
B0,1,149,0.5004,0.5004,0,547.85,0,upload_cloud,1
B0,1,150,0.4897,0.4897,0,375.81,0,upload_cloud,0
B0,1,151,0.4424,0.4424,1,557.17,0,upload_cloud,0
B0,1,152,0.7182,0.7182,0,461.95,0,upload_cloud,1
B0,1,153,0.5191,0.5191,1,344.17,0,upload_cloud,1
B0,1,154,0.3972,0.3972,1,609.31,0,upload_cloud,0
B0,1,155,0.8152,0.8152,0,459.31,0,upload_cloud,1
B0,1,156,0.4418,0.4418,1,724.34,0,upload_cloud,0
B0,1,157,0.6077,0.6077,1,386.53,0,upload_cloud,1
B0,1,158,0.5402,0.5402,1,327.5,0,upload_cloud,1
B0,1,159,0.4752,0.4752,1,294.1,0,upload_cloud,0
B0,1,160,0.7523,0.7523,0,138.89,0,upload_cloud,1
B0,1,161,0.6772,0.6772,0,390.3,0,upload_cloud,1
B0,1,162,0.6838,0.6838,0,332.18,0,upload_cloud,1
B0,1,163,0.5159,0.5159,1,171.56,0,upload_cloud,1
B0,1,164,0.7889,0.7889,0,260.22,0,upload_cloud,1
B0,1,165,0.5978,0.5978,0,191.84,0,upload_cloud,1
B0,1,166,0.5103,0.5103,1,385.82,0,upload_cloud,1
B0,1,167,0.5699,0.5699,0,254.27,0,upload_cloud,1
B0,1,168,0.2888,0.2888,0,488.92,0,upload_cloud,0
B0,1,169,0.6933,0.6933,0,471.9,0,upload_cloud,1
B0,1,170,0.6288,0.6288,0,148.33,0,upload_cloud,1
B0,1,171,0.522,0.522,0,62.94,0,upload_cloud,1
B0,1,172,0.6403,0.6403,0,431.89,0,upload_cloud,1
B0,1,173,0.6157,0.6157,0,299.23,0,upload_cloud,1
B0,1,174,0.5778,0.5778,0,251.97,0,upload_cloud,1
B0,1,175,0.5616,0.5616,0,420.06,0,upload_cloud,1
B0,1,176,0.4357,0.4357,1,619.8,0,upload_cloud,0
B0,1,177,0.5345,0.5345,0,176.74,0,upload_cloud,1
B0,1,178,0.6195,0.6195,0,93.56,0,upload_cloud,1
B0,1,179,0.4976,0.4976,0,632.69,0,upload_cloud,0
B0,1,180,0.5582,0.5582,1,471.88,0,upload_cloud,1
B0,1,181,0.3801,0.3801,1,286.72,0,upload_cloud,0
B0,1,182,0.6392,0.6392,0,306.0,0,upload_cloud,1
B0,1,183,0.1602,0.1602,1,637.15,0,upload_cloud,0
B0,1,184,0.4554,0.4554,1,378.55,0,upload_cloud,0
B0,1,185,0.5397,0.5397,0,384.32,0,upload_cloud,1
B0,1,186,0.5375,0.5375,1,348.03,0,upload_cloud,1
B0,1,187,0.4628,0.4628,0,652.03,0,upload_cloud,0
B0,1,188,0.5772,0.5772,1,225.52,0,upload_cloud,1
B0,1,189,0.5174,0.5174,0,80.9,0,upload_cloud,1
B0,1,190,0.3654,0.3654,1,258.16,0,upload_cloud,0
B0,1,191,0.5085,0.5085,0,500.64,0,upload_cloud,1
B0,1,192,0.644,0.644,0,481.9,0,upload_cloud,1
B0,1,193,0.2943,0.2943,0,691.18,0,upload_cloud,0
B0,1,194,0.497,0.497,0,473.15,0,upload_cloud,0
B0,1,195,0.3876,0.3876,0,664.53,0,upload_cloud,0
B0,1,196,0.5021,0.5021,1,100.99,0,upload_cloud,1
B0,1,197,0.5551,0.5551,0,254.97,0,upload_cloud,1
B0,1,198,0.4936,0.4936,0,488.1,0,upload_cloud,0
B0,1,199,0.6619,0.6619,0,205.65,0,upload_cloud,1
B0,1,200,0.7657,0.7657,0,188.96,0,upload_cloud,1
B0,1,201,0.3334,0.3334,1,447.2,0,upload_cloud,0
B0,1,202,0.5008,0.5008,1,79.54,0,upload_cloud,1
B0,1,203,0.4478,0.4478,0,736.0,0,upload_cloud,0
B0,1,204,0.6105,0.6105,0,63.71,0,upload_cloud,1
B0,1,205,0.4843,0.4843,1,402.2,0,upload_cloud,0
B0,1,206,0.5945,0.5945,1,452.61,0,upload_cloud,1
B0,1,207,0.5759,0.5759,1,353.06,0,upload_cloud,1
B0,1,208,0.4224,0.4224,1,552.56,0,upload_cloud,0
B0,1,209,0.5577,0.5577,1,87.93,0,upload_cloud,1
B0,1,210,0.7365,0.7365,0,358.58,0,upload_cloud,1
B0,1,211,0.3524,0.3524,1,606.53,0,upload_cloud,0
B0,1,212,0.6161,0.6161,0,250.51,0,upload_cloud,1
B0,1,213,0.6729,0.6729,0,314.92,0,upload_cloud,1
B0,1,214,0.8053,0.8053,0,66.82,0,upload_cloud,1
B0,1,215,0.6201,0.6201,0,345.87,0,upload_cloud,1
B0,1,216,0.6399,0.6399,0,73.47,0,upload_cloud,1
B0,1,217,0.5452,0.5452,0,319.77,0,upload_cloud,1
B0,1,218,0.485,0.485,0,258.67,0,upload_cloud,0
B0,1,219,0.2098,0.2098,1,716.47,0,upload_cloud,0
B0,1,220,0.5091,0.5091,1,72.23,0,upload_cloud,1
B0,1,221,0.6027,0.6027,0,240.08,0,upload_cloud,1
B0,1,222,0.6402,0.6402,0,92.08,0,upload_cloud,1
B0,1,223,0.5019,0.5019,0,503.11,0,upload_cloud,1
B0,1,224,0.6325,0.6325,0,96.88,0,upload_cloud,1
B0,1,225,0.3511,0.3511,1,478.24,0,upload_cloud,0
B0,1,226,0.3904,0.3904,1,688.96,0,upload_cloud,0
B0,1,227,0.5541,0.5541,0,516.3,0,upload_cloud,1
B0,1,228,0.3396,0.3396,1,666.01,0,upload_cloud,0
B0,1,229,0.4995,0.4995,0,128.07,0,upload_cloud,1
B0,1,230,0.6112,0.6112,0,345.1,0,upload_cloud,1
B0,1,231,0.584,0.584,0,349.79,0,upload_cloud,1
B0,1,232,0.4298,0.4298,1,463.67,0,upload_cloud,0
B0,1,233,0.5706,0.5706,0,265.43,0,upload_cloud,1
B0,1,234,0.4112,0.4112,1,389.16,0,upload_cloud,0
B0,1,235,0.6772,0.6772,0,184.89,0,upload_cloud,1
B0,1,236,0.4553,0.4553,0,430.34,0,upload_cloud,0
B0,1,237,0.487,0.487,1,583.44,0,upload_cloud,0
B0,1,238,0.4133,0.4133,1,645.67,0,upload_cloud,0
B0,1,239,0.4455,0.4455,0,401.91,0,upload_cloud,0
B0,1,240,0.4538,0.4538,1,576.26,0,upload_cloud,0
B0,1,241,0.593,0.593,0,409.3,0,upload_cloud,1
B0,1,242,0.3662,0.3662,1,722.44,0,upload_cloud,0
B0,1,243,0.776,0.776,0,261.9,0,upload_cloud,1
B0,1,244,0.4934,0.4934,1,293.22,0,upload_cloud,0
B0,1,245,0.4702,0.4702,1,519.04,0,upload_cloud,0
B0,1,246,0.4214,0.4214,1,296.58,0,upload_cloud,0
B0,1,247,0.6495,0.6495,0,78.56,0,upload_cloud,1
B0,1,248,0.3346,0.3346,1,509.81,0,upload_cloud,0
B0,1,249,0.4364,0.4364,1,600.79,0,upload_cloud,0
B0,1,250,0.6359,0.6359,0,326.83,0,upload_cloud,1
B0,1,251,0.462,0.462,0,484.32,0,upload_cloud,0
B0,1,252,0.6916,0.6916,0,203.02,0,upload_cloud,1
B0,1,253,0.5161,0.5161,0,313.09,0,upload_cloud,1
B0,1,254,0.6317,0.6317,0,72.63,0,upload_cloud,1
B0,1,255,0.5261,0.5261,0,462.07,0,upload_cloud,1
B0,1,256,0.3861,0.3861,1,578.26,0,upload_cloud,0
B0,1,257,0.505,0.505,0,549.64,0,upload_cloud,1
B0,1,258,0.5311,0.5311,0,263.75,0,upload_cloud,1
B0,1,259,0.6036,0.6036,0,136.91,0,upload_cloud,1
B0,1,260,0.4288,0.4288,1,524.19,0,upload_cloud,0
B0,1,261,0.6438,0.6438,0,406.03,0,upload_cloud,1
B0,1,262,0.538,0.538,0,369.71,0,upload_cloud,1
B0,1,263,0.447,0.447,0,456.37,0,upload_cloud,0
B0,1,264,0.4556,0.4556,1,649.88,0,upload_cloud,0
B0,1,265,0.4445,0.4445,1,566.1,0,upload_cloud,0
B0,1,266,0.4801,0.4801,0,500.27,0,upload_cloud,0
B0,1,267,0.5233,0.5233,0,284.17,0,upload_cloud,1
B0,1,268,0.5313,0.5313,0,445.7,0,upload_cloud,1
B0,1,269,0.3775,0.3775,1,401.27,0,upload_cloud,0
B0,1,270,0.5994,0.5994,1,518.53,0,upload_cloud,1
B0,1,271,0.5132,0.5132,1,362.25,0,upload_cloud,1
B0,1,272,0.4871,0.4871,0,444.9,0,upload_cloud,0
B0,1,273,0.6551,0.6551,0,372.7,0,upload_cloud,1
B0,1,274,0.389,0.389,1,230.85,0,upload_cloud,0
B0,1,275,0.6467,0.6467,0,137.19,0,upload_cloud,1
B0,1,276,0.3872,0.3872,1,628.33,0,upload_cloud,0
B0,1,277,0.4317,0.4317,1,378.78,0,upload_cloud,0
B0,1,278,0.5446,0.5446,0,317.15,0,upload_cloud,1
B0,1,279,0.7422,0.7422,0,141.66,0,upload_cloud,1
B0,1,280,0.6194,0.6194,1,527.93,0,upload_cloud,1
B0,1,281,0.3709,0.3709,1,319.42,0,upload_cloud,0
B0,1,282,0.6625,0.6625,0,176.51,0,upload_cloud,1
B0,1,283,0.5043,0.5043,0,307.95,0,upload_cloud,1
B0,1,284,0.5389,0.5389,0,217.45,0,upload_cloud,1
B0,1,285,0.6303,0.6303,0,527.22,0,upload_cloud,1
B0,1,286,0.4239,0.4239,1,271.17,0,upload_cloud,0
B0,1,287,0.4637,0.4637,1,331.07,0,upload_cloud,0
B0,1,288,0.6044,0.6044,1,532.71,0,upload_cloud,1
B0,1,289,0.4375,0.4375,1,527.0,0,upload_cloud,0
B0,1,290,0.6164,0.6164,0,236.74,0,upload_cloud,1
B0,1,291,0.5744,0.5744,1,298.67,0,upload_cloud,1
B0,1,292,0.3902,0.3902,1,705.93,0,upload_cloud,0
B0,1,293,0.3553,0.3553,0,525.96,0,upload_cloud,0
B0,1,294,0.4203,0.4203,1,680.69,0,upload_cloud,0
B0,1,295,0.6785,0.6785,0,346.1,0,upload_cloud,1
B0,1,296,0.3891,0.3891,1,409.14,0,upload_cloud,0
B0,1,297,0.5194,0.5194,0,152.65,0,upload_cloud,1
B0,1,298,0.3417,0.3417,1,481.54,0,upload_cloud,0
B0,1,299,0.526,0.526,0,475.99,0,upload_cloud,1
B0,1,300,0.4425,0.4425,0,545.02,0,upload_cloud,0
B0,1,301,0.5671,0.5671,1,524.92,0,upload_cloud,1
B0,1,302,0.5889,0.5889,0,482.56,0,upload_cloud,1
B0,1,303,0.5755,0.5755,0,354.98,0,upload_cloud,1
B0,1,304,0.4524,0.4524,1,634.71,0,upload_cloud,0
B0,1,305,0.3536,0.3536,0,619.38,0,upload_cloud,0
B0,1,306,0.5087,0.5087,0,137.69,0,upload_cloud,1
B0,1,307,0.4471,0.4471,1,391.07,0,upload_cloud,0
B0,1,308,0.4655,0.4655,0,402.26,0,upload_cloud,0
B0,1,309,0.765,0.765,0,253.21,0,upload_cloud,1
B0,1,310,0.4645,0.4645,1,470.39,0,upload_cloud,0
B0,1,311,0.428,0.428,1,258.07,0,upload_cloud,0
B0,1,312,0.4281,0.4281,1,611.71,0,upload_cloud,0
B0,1,313,0.383,0.383,1,403.57,0,upload_cloud,0
B0,1,314,0.6181,0.6181,0,159.57,0,upload_cloud,1
B0,1,315,0.3302,0.3302,1,446.56,0,upload_cloud,0
B0,1,316,0.3856,0.3856,1,683.73,0,upload_cloud,0
B0,1,317,0.417,0.417,1,611.59,0,upload_cloud,0
B0,1,318,0.3234,0.3234,1,317.76,0,upload_cloud,0
B0,1,319,0.3843,0.3843,1,658.34,0,upload_cloud,0
B0,1,320,0.4813,0.4813,1,450.96,0,upload_cloud,0
B0,1,321,0.4609,0.4609,1,396.82,0,upload_cloud,0
B0,1,322,0.581,0.581,0,209.41,0,upload_cloud,1
B0,1,323,0.5432,0.5432,1,493.98,0,upload_cloud,1
B0,1,324,0.434,0.434,1,591.99,0,upload_cloud,0
B0,1,325,0.3847,0.3847,1,566.16,0,upload_cloud,0
B0,1,326,0.5489,0.5489,0,390.74,0,upload_cloud,1
B0,1,327,0.4677,0.4677,0,592.13,0,upload_cloud,0
B0,1,328,0.633,0.633,0,445.53,0,upload_cloud,1
B0,1,329,0.5633,0.5633,1,202.14,0,upload_cloud,1
B0,1,330,0.6183,0.6183,0,259.83,0,upload_cloud,1
B0,1,331,0.5891,0.5891,0,225.39,0,upload_cloud,1
B0,1,332,0.5925,0.5925,0,68.6,0,upload_cloud,1
B0,1,333,0.4439,0.4439,1,565.99,0,upload_cloud,0
B0,1,334,0.4518,0.4518,0,628.44,0,upload_cloud,0
B0,1,335,0.5073,0.5073,0,429.92,0,upload_cloud,1
B0,1,336,0.3036,0.3036,1,525.64,0,upload_cloud,0
B0,1,337,0.657,0.657,0,244.01,0,upload_cloud,1
B0,1,338,0.374,0.374,0,735.87,0,upload_cloud,0
B0,1,339,0.5471,0.5471,0,460.34,0,upload_cloud,1
B0,1,340,0.6232,0.6232,0,483.96,0,upload_cloud,1
B0,1,341,0.6245,0.6245,0,525.14,0,upload_cloud,1
B0,1,342,0.6018,0.6018,0,258.85,0,upload_cloud,1
B0,1,343,0.3887,0.3887,1,295.03,0,upload_cloud,0
B0,1,344,0.4785,0.4785,1,317.83,0,upload_cloud,0
B0,1,345,0.4355,0.4355,0,569.51,0,upload_cloud,0
B0,1,346,0.5615,0.5615,1,365.94,0,upload_cloud,1
B0,1,347,0.4353,0.4353,0,564.97,0,upload_cloud,0
B0,1,348,0.4162,0.4162,0,570.4,0,upload_cloud,0
B0,1,349,0.3979,0.3979,1,600.08,0,upload_cloud,0
B0,1,350,0.662,0.662,0,277.14,0,upload_cloud,1
B0,1,351,0.5703,0.5703,0,140.44,0,upload_cloud,1
B0,1,352,0.4491,0.4491,1,347.4,0,upload_cloud,0
B0,1,353,0.7304,0.7304,0,273.5,0,upload_cloud,1
B0,1,354,0.5393,0.5393,1,225.95,0,upload_cloud,1
B0,1,355,0.5049,0.5049,0,455.6,0,upload_cloud,1
B0,1,356,0.659,0.659,0,299.85,0,upload_cloud,1
B0,1,357,0.5613,0.5613,0,524.53,0,upload_cloud,1
B0,1,358,0.6195,0.6195,1,110.76,0,upload_cloud,1
B0,1,359,0.4067,0.4067,1,578.95,0,upload_cloud,0
B0,1,360,0.5781,0.5781,0,386.34,0,upload_cloud,1
B0,1,361,0.5974,0.5974,0,269.77,0,upload_cloud,1
B0,1,362,0.4589,0.4589,0,671.22,0,upload_cloud,0
B0,1,363,0.5966,0.5966,0,374.35,0,upload_cloud,1
B0,1,364,0.6079,0.6079,0,112.48,0,upload_cloud,1
B0,1,365,0.5021,0.5021,1,165.28,0,upload_cloud,1
B0,1,366,0.4826,0.4826,0,542.15,0,upload_cloud,0
B0,1,367,0.3783,0.3783,1,754.42,0,upload_cloud,0
B0,1,368,0.463,0.463,1,471.83,0,upload_cloud,0
B0,1,369,0.6929,0.6929,0,82.11,0,upload_cloud,1
B0,1,370,0.4859,0.4859,0,524.88,0,upload_cloud,0
B0,1,371,0.5306,0.5306,1,136.53,0,upload_cloud,1
B0,1,372,0.5431,0.5431,0,201.03,0,upload_cloud,1
B0,1,373,0.4997,0.4997,0,79.16,0,upload_cloud,1
B0,1,374,0.6074,0.6074,0,497.14,0,upload_cloud,1
B0,1,375,0.4701,0.4701,1,351.37,0,upload_cloud,0
B0,1,376,0.4655,0.4655,1,458.05,0,upload_cloud,0
B0,1,377,0.4745,0.4745,1,191.02,0,upload_cloud,0
B0,1,378,0.3424,0.3424,1,226.35,0,upload_cloud,0
B0,1,379,0.4788,0.4788,0,628.73,0,upload_cloud,0
B0,1,380,0.5039,0.5039,1,334.51,0,upload_cloud,1
B0,1,381,0.4734,0.4734,0,436.11,0,upload_cloud,0
B0,1,382,0.6826,0.6826,0,345.86,0,upload_cloud,1
B0,1,383,0.4203,0.4203,1,524.64,0,upload_cloud,0
B0,1,384,0.5287,0.5287,0,146.34,0,upload_cloud,1
B0,1,385,0.4901,0.4901,0,376.7,0,upload_cloud,0
B0,1,386,0.4233,0.4233,1,730.15,0,upload_cloud,0
B0,1,387,0.4735,0.4735,0,225.34,0,upload_cloud,0
B0,1,388,0.4017,0.4017,1,291.13,0,upload_cloud,0
B0,1,389,0.4634,0.4634,0,437.17,0,upload_cloud,0
B0,1,390,0.4817,0.4817,1,289.91,0,upload_cloud,0
B0,1,391,0.474,0.474,0,407.7,0,upload_cloud,0
B0,1,392,0.6296,0.6296,0,84.4,0,upload_cloud,1
B0,1,393,0.582,0.582,1,211.93,0,upload_cloud,1
B0,1,394,0.4455,0.4455,1,544.52,0,upload_cloud,0
B0,1,395,0.4382,0.4382,1,419.68,0,upload_cloud,0
B0,1,396,0.584,0.584,1,428.81,0,upload_cloud,1
B0,1,397,0.3378,0.3378,1,661.72,0,upload_cloud,0
B0,1,398,0.5439,0.5439,0,99.63,0,upload_cloud,1
B0,1,399,0.4248,0.4248,1,297.9,0,upload_cloud,0
B0,1,400,0.5589,0.5589,0,147.56,0,upload_cloud,1
B0,1,401,0.56,0.56,1,83.72,0,upload_cloud,1
B0,1,402,0.5232,0.5232,0,82.02,0,upload_cloud,1
B0,1,403,0.4271,0.4271,1,547.92,0,upload_cloud,0
B0,1,404,0.396,0.396,1,642.38,0,upload_cloud,0
B0,1,405,0.3938,0.3938,1,715.6,0,upload_cloud,0
B0,1,406,0.5365,0.5365,0,318.6,0,upload_cloud,1
B0,1,407,0.5417,0.5417,0,490.57,0,upload_cloud,1
B0,1,408,0.5509,0.5509,0,416.3,0,upload_cloud,1
B0,1,409,0.6704,0.6704,0,416.97,0,upload_cloud,1
B0,1,410,0.497,0.497,1,590.06,0,upload_cloud,0
B0,1,411,0.7312,0.7312,0,233.62,0,upload_cloud,1
B0,1,412,0.6485,0.6485,1,437.22,0,upload_cloud,1
B0,1,413,0.4732,0.4732,1,722.92,0,upload_cloud,0
B0,1,414,0.3272,0.3272,0,434.12,0,upload_cloud,0
B0,1,415,0.5867,0.5867,0,99.69,0,upload_cloud,1
B0,1,416,0.6861,0.6861,0,520.87,0,upload_cloud,1
B0,1,417,0.4404,0.4404,0,639.94,0,upload_cloud,0
B0,1,418,0.3953,0.3953,1,364.71,0,upload_cloud,0
B0,1,419,0.8065,0.8065,0,379.57,0,upload_cloud,1
B0,1,420,0.4118,0.4118,1,372.15,0,upload_cloud,0
B0,1,421,0.3467,0.3467,1,420.99,0,upload_cloud,0
B0,1,422,0.6262,0.6262,0,206.91,0,upload_cloud,1
B0,1,423,0.4252,0.4252,1,694.29,0,upload_cloud,0
B0,1,424,0.6139,0.6139,0,470.8,0,upload_cloud,1
B0,1,425,0.4348,0.4348,1,416.07,0,upload_cloud,0
B0,1,426,0.6449,0.6449,0,212.95,0,upload_cloud,1
B0,1,427,0.4462,0.4462,1,705.17,0,upload_cloud,0
B0,1,428,0.5149,0.5149,0,240.14,0,upload_cloud,1
B0,1,429,0.4728,0.4728,1,356.43,0,upload_cloud,0
B0,1,430,0.5835,0.5835,0,118.38,0,upload_cloud,1
B0,1,431,0.5103,0.5103,1,329.26,0,upload_cloud,1
B0,1,432,0.5813,0.5813,0,418.42,0,upload_cloud,1
B0,1,433,0.5208,0.5208,0,138.47,0,upload_cloud,1
B0,1,434,0.4712,0.4712,0,512.67,0,upload_cloud,0
B0,1,435,0.5794,0.5794,1,135.56,0,upload_cloud,1
B0,1,436,0.4281,0.4281,1,606.72,0,upload_cloud,0
B0,1,437,0.914,0.914,0,232.98,0,upload_cloud,1
B0,1,438,0.5858,0.5858,1,212.61,0,upload_cloud,1
B0,1,439,0.5268,0.5268,1,193.64,0,upload_cloud,1
B0,1,440,0.4874,0.4874,1,419.26,0,upload_cloud,0
B0,1,441,0.4002,0.4002,1,287.34,0,upload_cloud,0
B0,1,442,0.5997,0.5997,0,279.84,0,upload_cloud,1
B0,1,443,0.4327,0.4327,1,244.29,0,upload_cloud,0
B0,1,444,0.6292,0.6292,0,212.92,0,upload_cloud,1
B0,1,445,0.6741,0.6741,0,397.55,0,upload_cloud,1
B0,1,446,0.6283,0.6283,0,294.79,0,upload_cloud,1
B0,1,447,0.3602,0.3602,1,197.17,0,upload_cloud,0
B0,1,448,0.4397,0.4397,1,717.46,0,upload_cloud,0
B0,1,449,0.6185,0.6185,0,422.69,0,upload_cloud,1
B0,1,450,0.5878,0.5878,1,238.04,0,upload_cloud,1
B0,1,451,0.7069,0.7069,0,522.2,0,upload_cloud,1
B0,1,452,0.4789,0.4789,1,437.78,0,upload_cloud,0
B0,1,453,0.4311,0.4311,0,507.83,0,upload_cloud,0
B0,1,454,0.4596,0.4596,1,427.68,0,upload_cloud,0
B0,1,455,0.5432,0.5432,1,147.32,0,upload_cloud,1
B0,1,456,0.6109,0.6109,0,242.73,0,upload_cloud,1
B0,1,457,0.7368,0.7368,0,543.53,0,upload_cloud,1
B0,1,458,0.6209,0.6209,0,497.63,0,upload_cloud,1
B0,1,459,0.3314,0.3314,1,610.64,0,upload_cloud,0
B0,1,460,0.3937,0.3937,0,289.96,0,upload_cloud,0
B0,1,461,0.4221,0.4221,1,383.54,0,upload_cloud,0
B0,1,462,0.4077,0.4077,1,374.41,0,upload_cloud,0
B0,1,463,0.5743,0.5743,1,170.88,0,upload_cloud,1
B0,1,464,0.6786,0.6786,0,200.27,0,upload_cloud,1
B0,1,465,0.4377,0.4377,1,478.76,0,upload_cloud,0
B0,1,466,0.5255,0.5255,0,542.91,0,upload_cloud,1
B0,1,467,0.5205,0.5205,0,166.38,0,upload_cloud,1
B0,1,468,0.4466,0.4466,1,454.73,0,upload_cloud,0
B0,1,469,0.5502,0.5502,0,136.19,0,upload_cloud,1
B0,1,470,0.613,0.613,0,92.7,0,upload_cloud,1
B0,1,471,0.6117,0.6117,0,341.7,0,upload_cloud,1
B0,1,472,0.5211,0.5211,1,309.63,0,upload_cloud,1
B0,1,473,0.5386,0.5386,0,499.81,0,upload_cloud,1
B0,1,474,0.5873,0.5873,1,355.13,0,upload_cloud,1
B0,1,475,0.5416,0.5416,0,486.69,0,upload_cloud,1
B0,1,476,0.2935,0.2935,1,655.9,0,upload_cloud,0
B0,1,477,0.3896,0.3896,0,445.85,0,upload_cloud,0
B0,1,478,0.5,0.5,0,146.44,0,upload_cloud,1
B0,1,479,0.4218,0.4218,1,626.63,0,upload_cloud,0
B0,1,480,0.613,0.613,0,457.23,0,upload_cloud,1
B0,1,481,0.6051,0.6051,1,193.46,0,upload_cloud,1
B0,1,482,0.3733,0.3733,1,303.7,0,upload_cloud,0
B0,1,483,0.5407,0.5407,1,441.25,0,upload_cloud,1
B0,1,484,0.3026,0.3026,1,234.17,0,upload_cloud,0
B0,1,485,0.3898,0.3898,0,345.31,0,upload_cloud,0
B0,1,486,0.5674,0.5674,0,96.23,0,upload_cloud,1
B0,1,487,0.465,0.465,1,363.27,0,upload_cloud,0
B0,1,488,0.3695,0.3695,1,324.83,0,upload_cloud,0
B0,1,489,0.4174,0.4174,1,563.16,0,upload_cloud,0
B0,1,490,0.5746,0.5746,0,137.5,0,upload_cloud,1
B0,1,491,0.8342,0.8342,0,400.7,0,upload_cloud,1
B0,1,492,0.4121,0.4121,0,663.47,0,upload_cloud,0
B0,1,493,0.4228,0.4228,1,661.5,0,upload_cloud,0
B0,1,494,0.5761,0.5761,0,499.83,0,upload_cloud,1
B0,1,495,0.4404,0.4404,1,541.17,0,upload_cloud,0
B0,1,496,0.7785,0.7785,0,481.63,0,upload_cloud,1
B0,1,497,0.4533,0.4533,1,459.93,0,upload_cloud,0
B0,1,498,0.503,0.503,1,299.1,0,upload_cloud,1
B0,1,499,0.5882,0.5882,0,310.59,0,upload_cloud,1
B1,1,0,0.468,0.468,0,397.98,0,upload_cloud,0
B1,1,1,0.5622,0.5622,1,217.29,0,upload_cloud,1
B1,1,2,0.409,0.409,1,108.85,0,upload_cloud,0
B1,1,3,0.4903,0.4903,0,237.69,0,upload_cloud,0
B1,1,4,0.5528,0.5528,1,562.04,0,upload_cloud,1
B1,1,5,0.5508,0.5508,1,387.15,0,upload_cloud,1
B1,1,6,0.4322,0.4322,1,517.06,0,upload_cloud,0
B1,1,7,0.6176,0.6176,0,183.82,0,upload_cloud,1
B1,1,8,0.654,0.654,0,499.9,0,upload_cloud,1
B1,1,9,0.6896,0.6896,0,545.24,0,upload_cloud,1
B1,1,10,0.4445,0.4445,1,146.41,0,upload_cloud,0
B1,1,11,0.553,0.553,1,211.05,0,upload_cloud,1
B1,1,12,0.5091,0.5091,0,373.57,0,upload_cloud,1
B1,1,13,0.5217,0.5217,0,206.07,0,upload_cloud,1
B1,1,14,0.3758,0.3758,1,312.94,0,upload_cloud,0
B1,1,15,0.5053,0.5053,0,202.99,0,upload_cloud,1
B1,1,16,0.4913,0.4913,0,136.86,0,upload_cloud,0
B1,1,17,0.4813,0.4813,0,114.03,0,upload_cloud,0
B1,1,18,0.6482,0.6482,1,411.64,0,upload_cloud,1
B1,1,19,0.4358,0.4358,1,164.22,0,upload_cloud,0
B1,1,20,0.619,0.619,0,307.2,0,upload_cloud,1
B1,1,21,0.5468,0.5468,1,414.29,0,upload_cloud,1
B1,1,22,0.4586,0.4586,1,107.77,0,upload_cloud,0
B1,1,23,0.4433,0.4433,1,101.43,0,upload_cloud,0
B1,1,24,0.5505,0.5505,0,305.39,0,upload_cloud,1
B1,1,25,0.4963,0.4963,0,228.86,0,upload_cloud,0
B1,1,26,0.4753,0.4753,0,418.4,0,upload_cloud,0
B1,1,27,0.4743,0.4743,1,264.18,0,upload_cloud,0
B1,1,28,0.4303,0.4303,1,478.44,0,upload_cloud,0
B1,1,29,0.3522,0.3522,1,292.88,0,upload_cloud,0
B1,1,30,0.4485,0.4485,1,484.25,0,upload_cloud,0
B1,1,31,0.2664,0.2664,1,248.58,0,upload_cloud,0
B1,1,32,0.618,0.618,1,387.05,0,upload_cloud,1
B1,1,33,0.3308,0.3308,1,340.0,0,upload_cloud,0
B1,1,34,0.4372,0.4372,1,502.61,0,upload_cloud,0
B1,1,35,0.4911,0.4911,1,161.38,0,upload_cloud,0
B1,1,36,0.4499,0.4499,0,91.09,0,upload_cloud,0
B1,1,37,0.5085,0.5085,0,250.99,0,upload_cloud,1
B1,1,38,0.5569,0.5569,1,347.99,0,upload_cloud,1
B1,1,39,0.5806,0.5806,1,307.75,0,upload_cloud,1
B1,1,40,0.5971,0.5971,0,366.53,0,upload_cloud,1
B1,1,41,0.435,0.435,1,285.65,0,upload_cloud,0
B1,1,42,0.5796,0.5796,1,266.37,0,upload_cloud,1
B1,1,43,0.566,0.566,0,299.63,0,upload_cloud,1
B1,1,44,0.3109,0.3109,1,149.72,0,upload_cloud,0
B1,1,45,0.4485,0.4485,0,132.32,0,upload_cloud,0
B1,1,46,0.4909,0.4909,0,331.75,0,upload_cloud,0
B1,1,47,0.408,0.408,0,179.53,0,upload_cloud,0
B1,1,48,0.5558,0.5558,0,320.12,0,upload_cloud,1
B1,1,49,0.4778,0.4778,0,218.88,0,upload_cloud,0
B1,1,50,0.6708,0.6708,1,217.55,0,upload_cloud,1
B1,1,51,0.612,0.612,0,486.53,0,upload_cloud,1
B1,1,52,0.5206,0.5206,1,407.41,0,upload_cloud,1
B1,1,53,0.5634,0.5634,0,475.1,0,upload_cloud,1
B1,1,54,0.4492,0.4492,0,420.97,0,upload_cloud,0
B1,1,55,0.5191,0.5191,0,323.67,0,upload_cloud,1
B1,1,56,0.6437,0.6437,0,292.01,0,upload_cloud,1
B1,1,57,0.6074,0.6074,0,335.88,0,upload_cloud,1
B1,1,58,0.4374,0.4374,1,107.19,0,upload_cloud,0
B1,1,59,0.4381,0.4381,1,120.19,0,upload_cloud,0
B1,1,60,0.6602,0.6602,0,263.03,0,upload_cloud,1
B1,1,61,0.7064,0.7064,1,302.76,0,upload_cloud,1
B1,1,62,0.4803,0.4803,0,356.42,0,upload_cloud,0
B1,1,63,0.6068,0.6068,1,538.56,0,upload_cloud,1
B1,1,64,0.5886,0.5886,1,208.91,0,upload_cloud,1
B1,1,65,0.5666,0.5666,0,238.65,0,upload_cloud,1
B1,1,66,0.5556,0.5556,1,202.29,0,upload_cloud,1
B1,1,67,0.4358,0.4358,1,500.4,0,upload_cloud,0
B1,1,68,0.7442,0.7442,0,402.06,0,upload_cloud,1
B1,1,69,0.6413,0.6413,0,553.33,0,upload_cloud,1
B1,1,70,0.5012,0.5012,1,222.93,0,upload_cloud,1
B1,1,71,0.5176,0.5176,1,232.48,0,upload_cloud,1
B1,1,72,0.4787,0.4787,1,439.03,0,upload_cloud,0
B1,1,73,0.7397,0.7397,0,202.62,0,upload_cloud,1
B1,1,74,0.6484,0.6484,1,112.0,0,upload_cloud,1
B1,1,75,0.4478,0.4478,1,267.09,0,upload_cloud,0
B1,1,76,0.4019,0.4019,1,375.04,0,upload_cloud,0
B1,1,77,0.3717,0.3717,1,490.45,0,upload_cloud,0
B1,1,78,0.5289,0.5289,0,238.72,0,upload_cloud,1
B1,1,79,0.6242,0.6242,1,134.05,0,upload_cloud,1
B1,1,80,0.5415,0.5415,1,558.48,0,upload_cloud,1
B1,1,81,0.4068,0.4068,1,512.31,0,upload_cloud,0
B1,1,82,0.552,0.552,1,414.39,0,upload_cloud,1
B1,1,83,0.5685,0.5685,1,277.16,0,upload_cloud,1
B1,1,84,0.4153,0.4153,1,339.84,0,upload_cloud,0
B1,1,85,0.482,0.482,1,536.04,0,upload_cloud,0
B1,1,86,0.3328,0.3328,0,422.28,0,upload_cloud,0
B1,1,87,0.4081,0.4081,1,217.52,0,upload_cloud,0
B1,1,88,0.4181,0.4181,1,258.31,0,upload_cloud,0
B1,1,89,0.4758,0.4758,0,487.31,0,upload_cloud,0
B1,1,90,0.5174,0.5174,1,155.13,0,upload_cloud,1
B1,1,91,0.4028,0.4028,1,143.06,0,upload_cloud,0
B1,1,92,0.2862,0.2862,0,225.6,0,upload_cloud,0
B1,1,93,0.4487,0.4487,1,563.46,0,upload_cloud,0
B1,1,94,0.4492,0.4492,1,529.91,0,upload_cloud,0
B1,1,95,0.6646,0.6646,0,236.12,0,upload_cloud,1
B1,1,96,0.6017,0.6017,0,462.79,0,upload_cloud,1
B1,1,97,0.7946,0.7946,0,225.88,0,upload_cloud,1
B1,1,98,0.3457,0.3457,1,517.99,0,upload_cloud,0
B1,1,99,0.3728,0.3728,1,145.07,0,upload_cloud,0
B1,1,100,0.2879,0.2879,0,528.38,0,upload_cloud,0
B1,1,101,0.48,0.48,1,90.41,0,upload_cloud,0
B1,1,102,0.6568,0.6568,0,95.07,0,upload_cloud,1
B1,1,103,0.7057,0.7057,0,277.88,0,upload_cloud,1
B1,1,104,0.7197,0.7197,0,367.48,0,upload_cloud,1
B1,1,105,0.5715,0.5715,1,506.3,0,upload_cloud,1
B1,1,106,0.4161,0.4161,0,517.6,0,upload_cloud,0
B1,1,107,0.4163,0.4163,1,561.06,0,upload_cloud,0
B1,1,108,0.5459,0.5459,0,564.68,0,upload_cloud,1
B1,1,109,0.4846,0.4846,0,256.83,0,upload_cloud,0
B1,1,110,0.6504,0.6504,0,391.2,0,upload_cloud,1
B1,1,111,0.4883,0.4883,1,549.43,0,upload_cloud,0
B1,1,112,0.5704,0.5704,0,371.25,0,upload_cloud,1
B1,1,113,0.4116,0.4116,1,515.52,0,upload_cloud,0
B1,1,114,0.6133,0.6133,0,226.0,0,upload_cloud,1
B1,1,115,0.4346,0.4346,1,171.08,0,upload_cloud,0
B1,1,116,0.2373,0.2373,0,68.1,0,upload_cloud,0
B1,1,117,0.5195,0.5195,0,240.38,0,upload_cloud,1
B1,1,118,0.4553,0.4553,1,122.97,0,upload_cloud,0
B1,1,119,0.3545,0.3545,1,456.33,0,upload_cloud,0
B1,1,120,0.393,0.393,1,236.19,0,upload_cloud,0
B1,1,121,0.6465,0.6465,0,252.15,0,upload_cloud,1
B1,1,122,0.5238,0.5238,1,535.82,0,upload_cloud,1
B1,1,123,0.4443,0.4443,1,330.57,0,upload_cloud,0
B1,1,124,0.4388,0.4388,1,161.67,0,upload_cloud,0
B1,1,125,0.6401,0.6401,0,152.52,0,upload_cloud,1
B1,1,126,0.6281,0.6281,0,133.83,0,upload_cloud,1
B1,1,127,0.5458,0.5458,0,285.3,0,upload_cloud,1
B1,1,128,0.417,0.417,1,488.24,0,upload_cloud,0
B1,1,129,0.8126,0.8126,0,368.56,0,upload_cloud,1
B1,1,130,0.4288,0.4288,1,362.5,0,upload_cloud,0
B1,1,131,0.407,0.407,1,72.86,0,upload_cloud,0
B1,1,132,0.4334,0.4334,1,412.28,0,upload_cloud,0
B1,1,133,0.563,0.563,1,360.31,0,upload_cloud,1
B1,1,134,0.7207,0.7207,0,135.12,0,upload_cloud,1
B1,1,135,0.4612,0.4612,0,300.56,0,upload_cloud,0
B1,1,136,0.4557,0.4557,0,421.28,0,upload_cloud,0
B1,1,137,0.397,0.397,1,205.49,0,upload_cloud,0
B1,1,138,0.516,0.516,1,256.97,0,upload_cloud,1
B1,1,139,0.5786,0.5786,1,74.71,0,upload_cloud,1
B1,1,140,0.3854,0.3854,1,184.66,0,upload_cloud,0
B1,1,141,0.6618,0.6618,0,410.41,0,upload_cloud,1
B1,1,142,0.4361,0.4361,1,218.45,0,upload_cloud,0
B1,1,143,0.6454,0.6454,0,195.92,0,upload_cloud,1
B1,1,144,0.6366,0.6366,0,117.68,0,upload_cloud,1
B1,1,145,0.6394,0.6394,0,467.03,0,upload_cloud,1
B1,1,146,0.6166,0.6166,0,233.93,0,upload_cloud,1
B1,1,147,0.5065,0.5065,0,285.05,0,upload_cloud,1
B1,1,148,0.4722,0.4722,1,422.87,0,upload_cloud,0
B1,1,149,0.5004,0.5004,0,305.84,0,upload_cloud,1
B1,1,150,0.4897,0.4897,0,389.12,0,upload_cloud,0
B1,1,151,0.4424,0.4424,1,533.78,0,upload_cloud,0
B1,1,152,0.7182,0.7182,0,546.8,0,upload_cloud,1
B1,1,153,0.5191,0.5191,1,528.36,0,upload_cloud,1
B1,1,154,0.3972,0.3972,1,185.85,0,upload_cloud,0
B1,1,155,0.8152,0.8152,0,187.07,0,upload_cloud,1
B1,1,156,0.4418,0.4418,1,283.14,0,upload_cloud,0
B1,1,157,0.6077,0.6077,1,115.36,0,upload_cloud,1
B1,1,158,0.5402,0.5402,1,330.88,0,upload_cloud,1
B1,1,159,0.4752,0.4752,1,90.94,0,upload_cloud,0
B1,1,160,0.7523,0.7523,0,132.88,0,upload_cloud,1
B1,1,161,0.6772,0.6772,0,182.07,0,upload_cloud,1
B1,1,162,0.6838,0.6838,0,273.13,0,upload_cloud,1
B1,1,163,0.5159,0.5159,1,234.5,0,upload_cloud,1
B1,1,164,0.7889,0.7889,0,130.08,0,upload_cloud,1
B1,1,165,0.5978,0.5978,0,522.91,0,upload_cloud,1
B1,1,166,0.5103,0.5103,1,123.65,0,upload_cloud,1
B1,1,167,0.5699,0.5699,0,496.97,0,upload_cloud,1
B1,1,168,0.2888,0.2888,0,540.24,0,upload_cloud,0
B1,1,169,0.6933,0.6933,0,467.32,0,upload_cloud,1
B1,1,170,0.6288,0.6288,0,77.12,0,upload_cloud,1
B1,1,171,0.522,0.522,0,385.29,0,upload_cloud,1
B1,1,172,0.6403,0.6403,0,551.99,0,upload_cloud,1
B1,1,173,0.6157,0.6157,0,360.67,0,upload_cloud,1
B1,1,174,0.5778,0.5778,0,318.26,0,upload_cloud,1
B1,1,175,0.5616,0.5616,0,131.22,0,upload_cloud,1
B1,1,176,0.4357,0.4357,1,264.1,0,upload_cloud,0
B1,1,177,0.5345,0.5345,0,363.96,0,upload_cloud,1
B1,1,178,0.6195,0.6195,0,565.84,0,upload_cloud,1
B1,1,179,0.4976,0.4976,0,254.98,0,upload_cloud,0
B1,1,180,0.5582,0.5582,1,124.76,0,upload_cloud,1
B1,1,181,0.3801,0.3801,1,169.32,0,upload_cloud,0
B1,1,182,0.6392,0.6392,0,115.31,0,upload_cloud,1
B1,1,183,0.1602,0.1602,1,240.97,0,upload_cloud,0
B1,1,184,0.4554,0.4554,1,411.3,0,upload_cloud,0
B1,1,185,0.5397,0.5397,0,360.05,0,upload_cloud,1
B1,1,186,0.5375,0.5375,1,550.04,0,upload_cloud,1
B1,1,187,0.4628,0.4628,0,111.28,0,upload_cloud,0
B1,1,188,0.5772,0.5772,1,279.3,0,upload_cloud,1
B1,1,189,0.5174,0.5174,0,214.67,0,upload_cloud,1
B1,1,190,0.3654,0.3654,1,77.92,0,upload_cloud,0
B1,1,191,0.5085,0.5085,0,517.81,0,upload_cloud,1
B1,1,192,0.644,0.644,0,518.73,0,upload_cloud,1
B1,1,193,0.2943,0.2943,0,500.32,0,upload_cloud,0
B1,1,194,0.497,0.497,0,287.06,0,upload_cloud,0
B1,1,195,0.3876,0.3876,0,88.04,0,upload_cloud,0
B1,1,196,0.5021,0.5021,1,281.19,0,upload_cloud,1
B1,1,197,0.5551,0.5551,0,213.07,0,upload_cloud,1
B1,1,198,0.4936,0.4936,0,550.76,0,upload_cloud,0
B1,1,199,0.6619,0.6619,0,263.46,0,upload_cloud,1
B1,1,200,0.7657,0.7657,0,562.84,0,upload_cloud,1
B1,1,201,0.3334,0.3334,1,344.85,0,upload_cloud,0
B1,1,202,0.5008,0.5008,1,173.16,0,upload_cloud,1
B1,1,203,0.4478,0.4478,0,76.04,0,upload_cloud,0
B1,1,204,0.6105,0.6105,0,478.51,0,upload_cloud,1
B1,1,205,0.4843,0.4843,1,123.3,0,upload_cloud,0
B1,1,206,0.5945,0.5945,1,217.7,0,upload_cloud,1
B1,1,207,0.5759,0.5759,1,560.59,0,upload_cloud,1
B1,1,208,0.4224,0.4224,1,317.21,0,upload_cloud,0
B1,1,209,0.5577,0.5577,1,133.73,0,upload_cloud,1
B1,1,210,0.7365,0.7365,0,299.8,0,upload_cloud,1
B1,1,211,0.3524,0.3524,1,350.52,0,upload_cloud,0
B1,1,212,0.6161,0.6161,0,420.11,0,upload_cloud,1
B1,1,213,0.6729,0.6729,0,74.53,0,upload_cloud,1
B1,1,214,0.8053,0.8053,0,471.13,0,upload_cloud,1
B1,1,215,0.6201,0.6201,0,459.52,0,upload_cloud,1
B1,1,216,0.6399,0.6399,0,427.34,0,upload_cloud,1
B1,1,217,0.5452,0.5452,0,319.27,0,upload_cloud,1
B1,1,218,0.485,0.485,0,116.45,0,upload_cloud,0
B1,1,219,0.2098,0.2098,1,226.9,0,upload_cloud,0
B1,1,220,0.5091,0.5091,1,349.66,0,upload_cloud,1
B1,1,221,0.6027,0.6027,0,507.08,0,upload_cloud,1
B1,1,222,0.6402,0.6402,0,239.34,0,upload_cloud,1
B1,1,223,0.5019,0.5019,0,503.67,0,upload_cloud,1
B1,1,224,0.6325,0.6325,0,375.24,0,upload_cloud,1
B1,1,225,0.3511,0.3511,1,469.01,0,upload_cloud,0
B1,1,226,0.3904,0.3904,1,443.81,0,upload_cloud,0
B1,1,227,0.5541,0.5541,0,167.41,0,upload_cloud,1
B1,1,228,0.3396,0.3396,1,172.75,0,upload_cloud,0
B1,1,229,0.4995,0.4995,0,317.05,0,upload_cloud,1
B1,1,230,0.6112,0.6112,0,286.23,0,upload_cloud,1
B1,1,231,0.584,0.584,0,370.48,0,upload_cloud,1
B1,1,232,0.4298,0.4298,1,99.46,0,upload_cloud,0
B1,1,233,0.5706,0.5706,0,367.07,0,upload_cloud,1
B1,1,234,0.4112,0.4112,1,287.23,0,upload_cloud,0
B1,1,235,0.6772,0.6772,0,550.21,0,upload_cloud,1
B1,1,236,0.4553,0.4553,0,486.92,0,upload_cloud,0
B1,1,237,0.487,0.487,1,97.7,0,upload_cloud,0
B1,1,238,0.4133,0.4133,1,531.66,0,upload_cloud,0
B1,1,239,0.4455,0.4455,0,558.97,0,upload_cloud,0
B1,1,240,0.4538,0.4538,1,273.0,0,upload_cloud,0
B1,1,241,0.593,0.593,0,530.92,0,upload_cloud,1
B1,1,242,0.3662,0.3662,1,153.82,0,upload_cloud,0
B1,1,243,0.776,0.776,0,178.41,0,upload_cloud,1
B1,1,244,0.4934,0.4934,1,99.26,0,upload_cloud,0
B1,1,245,0.4702,0.4702,1,288.08,0,upload_cloud,0
B1,1,246,0.4214,0.4214,1,143.55,0,upload_cloud,0
B1,1,247,0.6495,0.6495,0,509.9,0,upload_cloud,1
B1,1,248,0.3346,0.3346,1,303.75,0,upload_cloud,0
B1,1,249,0.4364,0.4364,1,429.75,0,upload_cloud,0
B1,1,250,0.6359,0.6359,0,304.07,0,upload_cloud,1
B1,1,251,0.462,0.462,0,195.58,0,upload_cloud,0
B1,1,252,0.6916,0.6916,0,554.75,0,upload_cloud,1
B1,1,253,0.5161,0.5161,0,168.17,0,upload_cloud,1
B1,1,254,0.6317,0.6317,0,398.75,0,upload_cloud,1
B1,1,255,0.5261,0.5261,0,461.36,0,upload_cloud,1
B1,1,256,0.3861,0.3861,1,75.82,0,upload_cloud,0
B1,1,257,0.505,0.505,0,182.97,0,upload_cloud,1
B1,1,258,0.5311,0.5311,0,212.61,0,upload_cloud,1
B1,1,259,0.6036,0.6036,0,377.95,0,upload_cloud,1
B1,1,260,0.4288,0.4288,1,190.46,0,upload_cloud,0
B1,1,261,0.6438,0.6438,0,313.06,0,upload_cloud,1
B1,1,262,0.538,0.538,0,420.66,0,upload_cloud,1
B1,1,263,0.447,0.447,0,538.28,0,upload_cloud,0
B1,1,264,0.4556,0.4556,1,263.81,0,upload_cloud,0
B1,1,265,0.4445,0.4445,1,549.31,0,upload_cloud,0
B1,1,266,0.4801,0.4801,0,265.37,0,upload_cloud,0
B1,1,267,0.5233,0.5233,0,499.51,0,upload_cloud,1
B1,1,268,0.5313,0.5313,0,259.19,0,upload_cloud,1
B1,1,269,0.3775,0.3775,1,280.84,0,upload_cloud,0
B1,1,270,0.5994,0.5994,1,307.12,0,upload_cloud,1
B1,1,271,0.5132,0.5132,1,278.16,0,upload_cloud,1
B1,1,272,0.4871,0.4871,0,225.01,0,upload_cloud,0
B1,1,273,0.6551,0.6551,0,537.04,0,upload_cloud,1
B1,1,274,0.389,0.389,1,193.04,0,upload_cloud,0
B1,1,275,0.6467,0.6467,0,400.68,0,upload_cloud,1
B1,1,276,0.3872,0.3872,1,430.99,0,upload_cloud,0
B1,1,277,0.4317,0.4317,1,111.72,0,upload_cloud,0
B1,1,278,0.5446,0.5446,0,111.78,0,upload_cloud,1
B1,1,279,0.7422,0.7422,0,136.14,0,upload_cloud,1
B1,1,280,0.6194,0.6194,1,258.41,0,upload_cloud,1
B1,1,281,0.3709,0.3709,1,306.55,0,upload_cloud,0
B1,1,282,0.6625,0.6625,0,344.87,0,upload_cloud,1
B1,1,283,0.5043,0.5043,0,257.79,0,upload_cloud,1
B1,1,284,0.5389,0.5389,0,321.29,0,upload_cloud,1
B1,1,285,0.6303,0.6303,0,250.24,0,upload_cloud,1
B1,1,286,0.4239,0.4239,1,192.94,0,upload_cloud,0
B1,1,287,0.4637,0.4637,1,86.36,0,upload_cloud,0
B1,1,288,0.6044,0.6044,1,83.69,0,upload_cloud,1
B1,1,289,0.4375,0.4375,1,450.68,0,upload_cloud,0
B1,1,290,0.6164,0.6164,0,361.26,0,upload_cloud,1
B1,1,291,0.5744,0.5744,1,244.28,0,upload_cloud,1
B1,1,292,0.3902,0.3902,1,246.19,0,upload_cloud,0
B1,1,293,0.3553,0.3553,0,230.17,0,upload_cloud,0
B1,1,294,0.4203,0.4203,1,243.59,0,upload_cloud,0
B1,1,295,0.6785,0.6785,0,324.46,0,upload_cloud,1
B1,1,296,0.3891,0.3891,1,188.97,0,upload_cloud,0
B1,1,297,0.5194,0.5194,0,452.93,0,upload_cloud,1
B1,1,298,0.3417,0.3417,1,219.53,0,upload_cloud,0
B1,1,299,0.526,0.526,0,338.56,0,upload_cloud,1
B1,1,300,0.4425,0.4425,0,393.24,0,upload_cloud,0
B1,1,301,0.5671,0.5671,1,189.27,0,upload_cloud,1
B1,1,302,0.5889,0.5889,0,550.85,0,upload_cloud,1
B1,1,303,0.5755,0.5755,0,494.82,0,upload_cloud,1
B1,1,304,0.4524,0.4524,1,136.11,0,upload_cloud,0
B1,1,305,0.3536,0.3536,0,473.78,0,upload_cloud,0
B1,1,306,0.5087,0.5087,0,488.01,0,upload_cloud,1
B1,1,307,0.4471,0.4471,1,101.73,0,upload_cloud,0
B1,1,308,0.4655,0.4655,0,142.31,0,upload_cloud,0
B1,1,309,0.765,0.765,0,290.41,0,upload_cloud,1
B1,1,310,0.4645,0.4645,1,512.95,0,upload_cloud,0
B1,1,311,0.428,0.428,1,452.02,0,upload_cloud,0
B1,1,312,0.4281,0.4281,1,557.02,0,upload_cloud,0
B1,1,313,0.383,0.383,1,389.72,0,upload_cloud,0
B1,1,314,0.6181,0.6181,0,476.77,0,upload_cloud,1
B1,1,315,0.3302,0.3302,1,126.05,0,upload_cloud,0
B1,1,316,0.3856,0.3856,1,291.03,0,upload_cloud,0
B1,1,317,0.417,0.417,1,366.83,0,upload_cloud,0
B1,1,318,0.3234,0.3234,1,121.41,0,upload_cloud,0
B1,1,319,0.3843,0.3843,1,75.11,0,upload_cloud,0
B1,1,320,0.4813,0.4813,1,211.73,0,upload_cloud,0
B1,1,321,0.4609,0.4609,1,221.77,0,upload_cloud,0
B1,1,322,0.581,0.581,0,90.64,0,upload_cloud,1
B1,1,323,0.5432,0.5432,1,501.99,0,upload_cloud,1
B1,1,324,0.434,0.434,1,283.4,0,upload_cloud,0
B1,1,325,0.3847,0.3847,1,165.83,0,upload_cloud,0
B1,1,326,0.5489,0.5489,0,121.48,0,upload_cloud,1
B1,1,327,0.4677,0.4677,0,404.7,0,upload_cloud,0
B1,1,328,0.633,0.633,0,384.1,0,upload_cloud,1
B1,1,329,0.5633,0.5633,1,133.66,0,upload_cloud,1
B1,1,330,0.6183,0.6183,0,549.12,0,upload_cloud,1
B1,1,331,0.5891,0.5891,0,283.25,0,upload_cloud,1
B1,1,332,0.5925,0.5925,0,480.49,0,upload_cloud,1
B1,1,333,0.4439,0.4439,1,149.39,0,upload_cloud,0
B1,1,334,0.4518,0.4518,0,173.12,0,upload_cloud,0
B1,1,335,0.5073,0.5073,0,95.96,0,upload_cloud,1
B1,1,336,0.3036,0.3036,1,355.05,0,upload_cloud,0
B1,1,337,0.657,0.657,0,322.96,0,upload_cloud,1
B1,1,338,0.374,0.374,0,337.25,0,upload_cloud,0
B1,1,339,0.5471,0.5471,0,243.47,0,upload_cloud,1
B1,1,340,0.6232,0.6232,0,269.48,0,upload_cloud,1
B1,1,341,0.6245,0.6245,0,329.63,0,upload_cloud,1
B1,1,342,0.6018,0.6018,0,444.54,0,upload_cloud,1
B1,1,343,0.3887,0.3887,1,347.08,0,upload_cloud,0
B1,1,344,0.4785,0.4785,1,330.31,0,upload_cloud,0
B1,1,345,0.4355,0.4355,0,326.15,0,upload_cloud,0
B1,1,346,0.5615,0.5615,1,225.46,0,upload_cloud,1
B1,1,347,0.4353,0.4353,0,85.01,0,upload_cloud,0
B1,1,348,0.4162,0.4162,0,299.7,0,upload_cloud,0
B1,1,349,0.3979,0.3979,1,318.86,0,upload_cloud,0
B1,1,350,0.662,0.662,0,83.49,0,upload_cloud,1
B1,1,351,0.5703,0.5703,0,339.69,0,upload_cloud,1
B1,1,352,0.4491,0.4491,1,359.02,0,upload_cloud,0
B1,1,353,0.7304,0.7304,0,173.59,0,upload_cloud,1
B1,1,354,0.5393,0.5393,1,214.63,0,upload_cloud,1
B1,1,355,0.5049,0.5049,0,326.3,0,upload_cloud,1
B1,1,356,0.659,0.659,0,334.85,0,upload_cloud,1
B1,1,357,0.5613,0.5613,0,435.08,0,upload_cloud,1
B1,1,358,0.6195,0.6195,1,172.06,0,upload_cloud,1
B1,1,359,0.4067,0.4067,1,146.91,0,upload_cloud,0
B1,1,360,0.5781,0.5781,0,205.76,0,upload_cloud,1
B1,1,361,0.5974,0.5974,0,139.29,0,upload_cloud,1
B1,1,362,0.4589,0.4589,0,423.49,0,upload_cloud,0
B1,1,363,0.5966,0.5966,0,283.36,0,upload_cloud,1
B1,1,364,0.6079,0.6079,0,179.14,0,upload_cloud,1
B1,1,365,0.5021,0.5021,1,298.51,0,upload_cloud,1
B1,1,366,0.4826,0.4826,0,497.09,0,upload_cloud,0
B1,1,367,0.3783,0.3783,1,267.08,0,upload_cloud,0
B1,1,368,0.463,0.463,1,318.72,0,upload_cloud,0
B1,1,369,0.6929,0.6929,0,313.35,0,upload_cloud,1
B1,1,370,0.4859,0.4859,0,493.39,0,upload_cloud,0
B1,1,371,0.5306,0.5306,1,187.74,0,upload_cloud,1
B1,1,372,0.5431,0.5431,0,269.02,0,upload_cloud,1
B1,1,373,0.4997,0.4997,0,258.17,0,upload_cloud,1
B1,1,374,0.6074,0.6074,0,517.09,0,upload_cloud,1
B1,1,375,0.4701,0.4701,1,496.79,0,upload_cloud,0
B1,1,376,0.4655,0.4655,1,382.2,0,upload_cloud,0
B1,1,377,0.4745,0.4745,1,241.4,0,upload_cloud,0
B1,1,378,0.3424,0.3424,1,316.59,0,upload_cloud,0
B1,1,379,0.4788,0.4788,0,555.26,0,upload_cloud,0
B1,1,380,0.5039,0.5039,1,388.56,0,upload_cloud,1
B1,1,381,0.4734,0.4734,0,539.7,0,upload_cloud,0
B1,1,382,0.6826,0.6826,0,111.34,0,upload_cloud,1
B1,1,383,0.4203,0.4203,1,234.95,0,upload_cloud,0
B1,1,384,0.5287,0.5287,0,331.23,0,upload_cloud,1
B1,1,385,0.4901,0.4901,0,373.9,0,upload_cloud,0
B1,1,386,0.4233,0.4233,1,279.09,0,upload_cloud,0
B1,1,387,0.4735,0.4735,0,223.54,0,upload_cloud,0
B1,1,388,0.4017,0.4017,1,439.04,0,upload_cloud,0
B1,1,389,0.4634,0.4634,0,79.88,0,upload_cloud,0
B1,1,390,0.4817,0.4817,1,194.37,0,upload_cloud,0
B1,1,391,0.474,0.474,0,348.24,0,upload_cloud,0
B1,1,392,0.6296,0.6296,0,154.97,0,upload_cloud,1
B1,1,393,0.582,0.582,1,214.45,0,upload_cloud,1
B1,1,394,0.4455,0.4455,1,266.86,0,upload_cloud,0
B1,1,395,0.4382,0.4382,1,473.39,0,upload_cloud,0
B1,1,396,0.584,0.584,1,408.46,0,upload_cloud,1
B1,1,397,0.3378,0.3378,1,396.89,0,upload_cloud,0
B1,1,398,0.5439,0.5439,0,310.41,0,upload_cloud,1
B1,1,399,0.4248,0.4248,1,106.42,0,upload_cloud,0
B1,1,400,0.5589,0.5589,0,204.54,0,upload_cloud,1
B1,1,401,0.56,0.56,1,199.26,0,upload_cloud,1
B1,1,402,0.5232,0.5232,0,425.27,0,upload_cloud,1
B1,1,403,0.4271,0.4271,1,236.23,0,upload_cloud,0
B1,1,404,0.396,0.396,1,487.58,0,upload_cloud,0
B1,1,405,0.3938,0.3938,1,179.21,0,upload_cloud,0
B1,1,406,0.5365,0.5365,0,94.01,0,upload_cloud,1
B1,1,407,0.5417,0.5417,0,281.26,0,upload_cloud,1
B1,1,408,0.5509,0.5509,0,155.52,0,upload_cloud,1
B1,1,409,0.6704,0.6704,0,107.25,0,upload_cloud,1
B1,1,410,0.497,0.497,1,294.29,0,upload_cloud,0
B1,1,411,0.7312,0.7312,0,474.13,0,upload_cloud,1
B1,1,412,0.6485,0.6485,1,276.22,0,upload_cloud,1
B1,1,413,0.4732,0.4732,1,472.93,0,upload_cloud,0
B1,1,414,0.3272,0.3272,0,544.71,0,upload_cloud,0
B1,1,415,0.5867,0.5867,0,162.35,0,upload_cloud,1
B1,1,416,0.6861,0.6861,0,258.02,0,upload_cloud,1
B1,1,417,0.4404,0.4404,0,265.69,0,upload_cloud,0
B1,1,418,0.3953,0.3953,1,345.95,0,upload_cloud,0
B1,1,419,0.8065,0.8065,0,78.42,0,upload_cloud,1
B1,1,420,0.4118,0.4118,1,271.98,0,upload_cloud,0
B1,1,421,0.3467,0.3467,1,514.73,0,upload_cloud,0
B1,1,422,0.6262,0.6262,0,455.6,0,upload_cloud,1
B1,1,423,0.4252,0.4252,1,431.93,0,upload_cloud,0
B1,1,424,0.6139,0.6139,0,270.86,0,upload_cloud,1
B1,1,425,0.4348,0.4348,1,305.05,0,upload_cloud,0
B1,1,426,0.6449,0.6449,0,298.37,0,upload_cloud,1
B1,1,427,0.4462,0.4462,1,263.06,0,upload_cloud,0
B1,1,428,0.5149,0.5149,0,335.53,0,upload_cloud,1
B1,1,429,0.4728,0.4728,1,472.53,0,upload_cloud,0
B1,1,430,0.5835,0.5835,0,197.35,0,upload_cloud,1
B1,1,431,0.5103,0.5103,1,489.2,0,upload_cloud,1
B1,1,432,0.5813,0.5813,0,263.23,0,upload_cloud,1
B1,1,433,0.5208,0.5208,0,198.87,0,upload_cloud,1
B1,1,434,0.4712,0.4712,0,311.16,0,upload_cloud,0
B1,1,435,0.5794,0.5794,1,142.53,0,upload_cloud,1
B1,1,436,0.4281,0.4281,1,120.56,0,upload_cloud,0
B1,1,437,0.914,0.914,0,94.04,0,upload_cloud,1
B1,1,438,0.5858,0.5858,1,432.32,0,upload_cloud,1
B1,1,439,0.5268,0.5268,1,300.58,0,upload_cloud,1
B1,1,440,0.4874,0.4874,1,331.72,0,upload_cloud,0
B1,1,441,0.4002,0.4002,1,510.34,0,upload_cloud,0
B1,1,442,0.5997,0.5997,0,283.24,0,upload_cloud,1
B1,1,443,0.4327,0.4327,1,233.48,0,upload_cloud,0
B1,1,444,0.6292,0.6292,0,391.56,0,upload_cloud,1
B1,1,445,0.6741,0.6741,0,212.3,0,upload_cloud,1
B1,1,446,0.6283,0.6283,0,346.43,0,upload_cloud,1
B1,1,447,0.3602,0.3602,1,563.64,0,upload_cloud,0
B1,1,448,0.4397,0.4397,1,434.27,0,upload_cloud,0
B1,1,449,0.6185,0.6185,0,360.86,0,upload_cloud,1
B1,1,450,0.5878,0.5878,1,232.2,0,upload_cloud,1
B1,1,451,0.7069,0.7069,0,244.98,0,upload_cloud,1
B1,1,452,0.4789,0.4789,1,460.03,0,upload_cloud,0
B1,1,453,0.4311,0.4311,0,226.44,0,upload_cloud,0
B1,1,454,0.4596,0.4596,1,448.59,0,upload_cloud,0
B1,1,455,0.5432,0.5432,1,522.0,0,upload_cloud,1
B1,1,456,0.6109,0.6109,0,302.39,0,upload_cloud,1
B1,1,457,0.7368,0.7368,0,415.99,0,upload_cloud,1
B1,1,458,0.6209,0.6209,0,377.1,0,upload_cloud,1
B1,1,459,0.3314,0.3314,1,148.17,0,upload_cloud,0
B1,1,460,0.3937,0.3937,0,440.48,0,upload_cloud,0
B1,1,461,0.4221,0.4221,1,390.05,0,upload_cloud,0
B1,1,462,0.4077,0.4077,1,453.88,0,upload_cloud,0
B1,1,463,0.5743,0.5743,1,332.45,0,upload_cloud,1
B1,1,464,0.6786,0.6786,0,173.73,0,upload_cloud,1
B1,1,465,0.4377,0.4377,1,263.84,0,upload_cloud,0
B1,1,466,0.5255,0.5255,0,362.23,0,upload_cloud,1
B1,1,467,0.5205,0.5205,0,234.37,0,upload_cloud,1
B1,1,468,0.4466,0.4466,1,359.78,0,upload_cloud,0
B1,1,469,0.5502,0.5502,0,93.11,0,upload_cloud,1
B1,1,470,0.613,0.613,0,439.41,0,upload_cloud,1
B1,1,471,0.6117,0.6117,0,542.33,0,upload_cloud,1
B1,1,472,0.5211,0.5211,1,157.79,0,upload_cloud,1
B1,1,473,0.5386,0.5386,0,163.02,0,upload_cloud,1
B1,1,474,0.5873,0.5873,1,318.06,0,upload_cloud,1
B1,1,475,0.5416,0.5416,0,415.37,0,upload_cloud,1
B1,1,476,0.2935,0.2935,1,345.83,0,upload_cloud,0
B1,1,477,0.3896,0.3896,0,497.68,0,upload_cloud,0
B1,1,478,0.5,0.5,0,100.5,0,upload_cloud,1
B1,1,479,0.4218,0.4218,1,430.4,0,upload_cloud,0
B1,1,480,0.613,0.613,0,382.02,0,upload_cloud,1
B1,1,481,0.6051,0.6051,1,256.81,0,upload_cloud,1
B1,1,482,0.3733,0.3733,1,396.14,0,upload_cloud,0
B1,1,483,0.5407,0.5407,1,531.48,0,upload_cloud,1
B1,1,484,0.3026,0.3026,1,226.87,0,upload_cloud,0
B1,1,485,0.3898,0.3898,0,70.81,0,upload_cloud,0
B1,1,486,0.5674,0.5674,0,425.63,0,upload_cloud,1
B1,1,487,0.465,0.465,1,260.6,0,upload_cloud,0
B1,1,488,0.3695,0.3695,1,360.44,0,upload_cloud,0
B1,1,489,0.4174,0.4174,1,406.19,0,upload_cloud,0
B1,1,490,0.5746,0.5746,0,116.04,0,upload_cloud,1
B1,1,491,0.8342,0.8342,0,266.16,0,upload_cloud,1
B1,1,492,0.4121,0.4121,0,507.87,0,upload_cloud,0
B1,1,493,0.4228,0.4228,1,73.06,0,upload_cloud,0
B1,1,494,0.5761,0.5761,0,272.07,0,upload_cloud,1
B1,1,495,0.4404,0.4404,1,550.58,0,upload_cloud,0
B1,1,496,0.7785,0.7785,0,138.55,0,upload_cloud,1
B1,1,497,0.4533,0.4533,1,538.43,0,upload_cloud,0
B1,1,498,0.503,0.503,1,270.28,0,upload_cloud,1
B1,1,499,0.5882,0.5882,0,391.2,0,upload_cloud,1
B2,1,0,0.7371,0.468,0,475.88,1,upload_cloud,1
B2,1,1,0.5622,0.5622,1,339.08,0,upload_cloud,1
B2,1,2,0.6238,0.409,1,615.79,1,upload_cloud,1
B2,1,3,0.6654,0.4903,0,473.9,1,upload_cloud,1
B2,1,4,0.5528,0.5528,1,372.98,0,upload_cloud,1
B2,1,5,0.5508,0.5508,1,82.11,0,upload_cloud,1
B2,1,6,0.7507,0.4322,1,195.88,1,upload_cloud,1
B2,1,7,0.6176,0.6176,0,547.47,0,upload_cloud,1
B2,1,8,0.654,0.654,0,531.14,0,upload_cloud,1
B2,1,9,0.6896,0.6896,0,485.73,0,upload_cloud,1
B2,1,10,0.6395,0.4445,1,171.95,1,upload_cloud,1
B2,1,11,0.553,0.553,1,357.95,0,upload_cloud,1
B2,1,12,0.5091,0.5091,0,121.18,0,upload_cloud,1
B2,1,13,0.5217,0.5217,0,238.89,0,upload_cloud,1
B2,1,14,0.6507,0.3758,1,361.46,1,upload_cloud,1
B2,1,15,0.5053,0.5053,0,559.99,0,upload_cloud,1
B2,1,16,0.7996,0.4913,0,423.69,1,upload_cloud,1
B2,1,17,0.7816,0.4813,0,587.5,1,upload_cloud,1
B2,1,18,0.6482,0.6482,1,291.4,0,upload_cloud,1
B2,1,19,0.7041,0.4358,1,261.41,1,upload_cloud,1
B2,1,20,0.619,0.619,0,254.77,0,upload_cloud,1
B2,1,21,0.5468,0.5468,1,219.68,0,upload_cloud,1
B2,1,22,0.7089,0.4586,1,562.82,1,upload_cloud,1
B2,1,23,0.6161,0.4433,1,297.62,1,upload_cloud,1
B2,1,24,0.5505,0.5505,0,379.46,0,upload_cloud,1
B2,1,25,0.7279,0.4963,0,289.74,1,upload_cloud,1
B2,1,26,0.7688,0.4753,0,275.21,1,upload_cloud,1
B2,1,27,0.6756,0.4743,1,136.06,1,upload_cloud,1
B2,1,28,0.6836,0.4303,1,536.52,1,upload_cloud,1
B2,1,29,0.5901,0.3522,1,383.53,1,upload_cloud,1
B2,1,30,0.7392,0.4485,1,291.34,1,upload_cloud,1
B2,1,31,0.5128,0.2664,1,507.4,1,upload_cloud,1
B2,1,32,0.618,0.618,1,518.38,0,upload_cloud,1
B2,1,33,0.521,0.3308,1,346.63,1,upload_cloud,1
B2,1,34,0.6084,0.4372,1,442.0,1,upload_cloud,1
B2,1,35,0.841,0.4911,1,334.19,1,upload_cloud,1
B2,1,36,0.7226,0.4499,0,358.59,1,upload_cloud,1
B2,1,37,0.5085,0.5085,0,369.89,0,upload_cloud,1
B2,1,38,0.5569,0.5569,1,426.53,0,upload_cloud,1
B2,1,39,0.5806,0.5806,1,116.25,0,upload_cloud,1
B2,1,40,0.5971,0.5971,0,375.96,0,upload_cloud,1
B2,1,41,0.6647,0.435,1,490.98,1,upload_cloud,1
B2,1,42,0.5796,0.5796,1,169.38,0,upload_cloud,1
B2,1,43,0.566,0.566,0,264.93,0,upload_cloud,1
B2,1,44,0.6037,0.3109,1,609.04,1,upload_cloud,1
B2,1,45,0.7632,0.4485,0,336.63,1,upload_cloud,1
B2,1,46,0.6488,0.4909,0,269.12,1,upload_cloud,1
B2,1,47,0.6106,0.408,0,254.27,1,upload_cloud,1
B2,1,48,0.5558,0.5558,0,502.99,0,upload_cloud,1
B2,1,49,0.6463,0.4778,0,242.21,1,upload_cloud,1
B2,1,50,0.6708,0.6708,1,438.9,0,upload_cloud,1
B2,1,51,0.612,0.612,0,85.3,0,upload_cloud,1
B2,1,52,0.5206,0.5206,1,379.97,0,upload_cloud,1
B2,1,53,0.5634,0.5634,0,222.68,0,upload_cloud,1
B2,1,54,0.7867,0.4492,0,252.39,1,upload_cloud,1
B2,1,55,0.5191,0.5191,0,393.41,0,upload_cloud,1
B2,1,56,0.6437,0.6437,0,79.44,0,upload_cloud,1
B2,1,57,0.6074,0.6074,0,209.23,0,upload_cloud,1
B2,1,58,0.7578,0.4374,1,168.74,1,upload_cloud,1
B2,1,59,0.6964,0.4381,1,270.91,1,upload_cloud,1
B2,1,60,0.6602,0.6602,0,558.82,0,upload_cloud,1
B2,1,61,0.7064,0.7064,1,276.51,0,upload_cloud,1
B2,1,62,0.7462,0.4803,0,446.37,1,upload_cloud,1
B2,1,63,0.6068,0.6068,1,496.9,0,upload_cloud,1
B2,1,64,0.5886,0.5886,1,326.13,0,upload_cloud,1
B2,1,65,0.5666,0.5666,0,487.27,0,upload_cloud,1
B2,1,66,0.5556,0.5556,1,470.54,0,upload_cloud,1
B2,1,67,0.6369,0.4358,1,512.36,1,upload_cloud,1
B2,1,68,0.7442,0.7442,0,155.39,0,upload_cloud,1
B2,1,69,0.6413,0.6413,0,282.82,0,upload_cloud,1
B2,1,70,0.5012,0.5012,1,117.86,0,upload_cloud,1
B2,1,71,0.5176,0.5176,1,474.35,0,upload_cloud,1
B2,1,72,0.7633,0.4787,1,270.48,1,upload_cloud,1
B2,1,73,0.7397,0.7397,0,428.03,0,upload_cloud,1
B2,1,74,0.6484,0.6484,1,363.58,0,upload_cloud,1
B2,1,75,0.7381,0.4478,1,401.23,1,upload_cloud,1
B2,1,76,0.6575,0.4019,1,524.32,1,upload_cloud,1
B2,1,77,0.6776,0.3717,1,211.71,1,upload_cloud,1
B2,1,78,0.5289,0.5289,0,370.17,0,upload_cloud,1
B2,1,79,0.6242,0.6242,1,396.73,0,upload_cloud,1
B2,1,80,0.5415,0.5415,1,190.12,0,upload_cloud,1
B2,1,81,0.6807,0.4068,1,563.79,1,upload_cloud,1
B2,1,82,0.552,0.552,1,197.75,0,upload_cloud,1
B2,1,83,0.5685,0.5685,1,351.63,0,upload_cloud,1
B2,1,84,0.6976,0.4153,1,188.13,1,upload_cloud,1
B2,1,85,0.6386,0.482,1,223.19,1,upload_cloud,1
B2,1,86,0.673,0.3328,0,309.84,1,upload_cloud,1
B2,1,87,0.6816,0.4081,1,525.91,1,upload_cloud,1
B2,1,88,0.6296,0.4181,1,259.92,1,upload_cloud,1
B2,1,89,0.7121,0.4758,0,568.27,1,upload_cloud,1
B2,1,90,0.5174,0.5174,1,528.83,0,upload_cloud,1
B2,1,91,0.7011,0.4028,1,199.77,1,upload_cloud,1
B2,1,92,0.5221,0.2862,0,304.38,1,upload_cloud,1
B2,1,93,0.7984,0.4487,1,214.15,1,upload_cloud,1
B2,1,94,0.7378,0.4492,1,490.87,1,upload_cloud,1
B2,1,95,0.6646,0.6646,0,150.79,0,upload_cloud,1
B2,1,96,0.6017,0.6017,0,544.22,0,upload_cloud,1
B2,1,97,0.7946,0.7946,0,82.5,0,upload_cloud,1
B2,1,98,0.6846,0.3457,1,124.19,1,upload_cloud,1
B2,1,99,0.5362,0.3728,1,207.76,1,upload_cloud,1
B2,1,100,0.5461,0.2879,0,361.78,1,upload_cloud,1
B2,1,101,0.6603,0.48,1,564.79,1,upload_cloud,1
B2,1,102,0.6568,0.6568,0,136.77,0,upload_cloud,1
B2,1,103,0.7057,0.7057,0,193.28,0,upload_cloud,1
B2,1,104,0.7197,0.7197,0,495.87,0,upload_cloud,1
B2,1,105,0.5715,0.5715,1,525.44,0,upload_cloud,1
B2,1,106,0.66,0.4161,0,506.96,1,upload_cloud,1
B2,1,107,0.6841,0.4163,1,517.78,1,upload_cloud,1
B2,1,108,0.5459,0.5459,0,175.51,0,upload_cloud,1
B2,1,109,0.6713,0.4846,0,302.39,1,upload_cloud,1
B2,1,110,0.6504,0.6504,0,374.39,0,upload_cloud,1
B2,1,111,0.7298,0.4883,1,405.4,1,upload_cloud,1
B2,1,112,0.5704,0.5704,0,126.36,0,upload_cloud,1
B2,1,113,0.6946,0.4116,1,372.47,1,upload_cloud,1
B2,1,114,0.6133,0.6133,0,397.76,0,upload_cloud,1
B2,1,115,0.5953,0.4346,1,494.17,1,upload_cloud,1
B2,1,116,0.6036,0.2373,0,629.35,2,upload_cloud,1
B2,1,117,0.5195,0.5195,0,247.84,0,upload_cloud,1
B2,1,118,0.6831,0.4553,1,254.23,1,upload_cloud,1
B2,1,119,0.5676,0.3545,1,645.22,1,upload_cloud,1
B2,1,120,0.5717,0.393,1,631.42,1,upload_cloud,1
B2,1,121,0.6465,0.6465,0,126.57,0,upload_cloud,1
B2,1,122,0.5238,0.5238,1,414.3,0,upload_cloud,1
B2,1,123,0.6384,0.4443,1,354.28,1,upload_cloud,1
B2,1,124,0.7173,0.4388,1,278.57,1,upload_cloud,1
B2,1,125,0.6401,0.6401,0,447.8,0,upload_cloud,1
B2,1,126,0.6281,0.6281,0,353.25,0,upload_cloud,1
B2,1,127,0.5458,0.5458,0,515.52,0,upload_cloud,1
B2,1,128,0.5744,0.417,1,450.62,1,upload_cloud,1
B2,1,129,0.8126,0.8126,0,296.82,0,upload_cloud,1
B2,1,130,0.728,0.4288,1,345.49,1,upload_cloud,1
B2,1,131,0.7287,0.407,1,300.28,1,upload_cloud,1
B2,1,132,0.7518,0.4334,1,314.42,1,upload_cloud,1
B2,1,133,0.563,0.563,1,547.91,0,upload_cloud,1
B2,1,134,0.7207,0.7207,0,389.76,0,upload_cloud,1
B2,1,135,0.7539,0.4612,0,257.08,1,upload_cloud,1
B2,1,136,0.7338,0.4557,0,555.51,1,upload_cloud,1
B2,1,137,0.7087,0.397,1,559.94,1,upload_cloud,1
B2,1,138,0.516,0.516,1,412.6,0,upload_cloud,1
B2,1,139,0.5786,0.5786,1,441.41,0,upload_cloud,1
B2,1,140,0.6966,0.3854,1,618.66,1,upload_cloud,1
B2,1,141,0.6618,0.6618,0,531.55,0,upload_cloud,1
B2,1,142,0.6356,0.4361,1,660.02,1,upload_cloud,1
B2,1,143,0.6454,0.6454,0,264.02,0,upload_cloud,1
B2,1,144,0.6366,0.6366,0,228.11,0,upload_cloud,1
B2,1,145,0.6394,0.6394,0,128.16,0,upload_cloud,1
B2,1,146,0.6166,0.6166,0,121.36,0,upload_cloud,1
B2,1,147,0.5065,0.5065,0,451.24,0,upload_cloud,1
B2,1,148,0.7623,0.4722,1,95.87,1,upload_cloud,1
B2,1,149,0.5004,0.5004,0,283.34,0,upload_cloud,1
B2,1,150,0.718,0.4897,0,289.46,1,upload_cloud,1
B2,1,151,0.6462,0.4424,1,158.39,1,upload_cloud,1
B2,1,152,0.7182,0.7182,0,98.2,0,upload_cloud,1
B2,1,153,0.5191,0.5191,1,299.79,0,upload_cloud,1
B2,1,154,0.7466,0.3972,1,409.55,1,upload_cloud,1
B2,1,155,0.8152,0.8152,0,486.45,0,upload_cloud,1
B2,1,156,0.6575,0.4418,1,420.29,1,upload_cloud,1
B2,1,157,0.6077,0.6077,1,103.63,0,upload_cloud,1
B2,1,158,0.5402,0.5402,1,352.42,0,upload_cloud,1
B2,1,159,0.6622,0.4752,1,567.27,1,upload_cloud,1
B2,1,160,0.7523,0.7523,0,292.73,0,upload_cloud,1
B2,1,161,0.6772,0.6772,0,174.87,0,upload_cloud,1
B2,1,162,0.6838,0.6838,0,232.22,0,upload_cloud,1
B2,1,163,0.5159,0.5159,1,486.38,0,upload_cloud,1
B2,1,164,0.7889,0.7889,0,373.96,0,upload_cloud,1
B2,1,165,0.5978,0.5978,0,390.11,0,upload_cloud,1
B2,1,166,0.5103,0.5103,1,329.63,0,upload_cloud,1
B2,1,167,0.5699,0.5699,0,316.02,0,upload_cloud,1
B2,1,168,0.6261,0.2888,0,645.48,2,upload_cloud,1
B2,1,169,0.6933,0.6933,0,119.69,0,upload_cloud,1
B2,1,170,0.6288,0.6288,0,154.72,0,upload_cloud,1
B2,1,171,0.522,0.522,0,384.9,0,upload_cloud,1
B2,1,172,0.6403,0.6403,0,526.66,0,upload_cloud,1
B2,1,173,0.6157,0.6157,0,282.28,0,upload_cloud,1
B2,1,174,0.5778,0.5778,0,247.72,0,upload_cloud,1
B2,1,175,0.5616,0.5616,0,214.18,0,upload_cloud,1
B2,1,176,0.725,0.4357,1,237.93,1,upload_cloud,1
B2,1,177,0.5345,0.5345,0,513.15,0,upload_cloud,1
B2,1,178,0.6195,0.6195,0,246.57,0,upload_cloud,1
B2,1,179,0.7529,0.4976,0,314.12,1,upload_cloud,1
B2,1,180,0.5582,0.5582,1,62.87,0,upload_cloud,1
B2,1,181,0.5414,0.3801,1,552.72,1,upload_cloud,1
B2,1,182,0.6392,0.6392,0,138.73,0,upload_cloud,1
B2,1,183,0.7161,0.1602,1,519.96,2,upload_cloud,1
B2,1,184,0.764,0.4554,1,428.32,1,upload_cloud,1
B2,1,185,0.5397,0.5397,0,409.44,0,upload_cloud,1
B2,1,186,0.5375,0.5375,1,103.25,0,upload_cloud,1
B2,1,187,0.6554,0.4628,0,265.27,1,upload_cloud,1
B2,1,188,0.5772,0.5772,1,301.73,0,upload_cloud,1
B2,1,189,0.5174,0.5174,0,319.35,0,upload_cloud,1
B2,1,190,0.6622,0.3654,1,628.21,1,upload_cloud,1
B2,1,191,0.5085,0.5085,0,290.94,0,upload_cloud,1
B2,1,192,0.644,0.644,0,271.99,0,upload_cloud,1
B2,1,193,0.5774,0.2943,0,336.18,1,upload_cloud,1
B2,1,194,0.7055,0.497,0,541.94,1,upload_cloud,1
B2,1,195,0.6763,0.3876,0,364.55,1,upload_cloud,1
B2,1,196,0.5021,0.5021,1,171.61,0,upload_cloud,1
B2,1,197,0.5551,0.5551,0,156.48,0,upload_cloud,1
B2,1,198,0.7287,0.4936,0,591.63,1,upload_cloud,1
B2,1,199,0.6619,0.6619,0,420.93,0,upload_cloud,1
B2,1,200,0.7657,0.7657,0,448.63,0,upload_cloud,1
B2,1,201,0.6144,0.3334,1,139.48,1,upload_cloud,1
B2,1,202,0.5008,0.5008,1,293.2,0,upload_cloud,1
B2,1,203,0.769,0.4478,0,501.86,1,upload_cloud,1
B2,1,204,0.6105,0.6105,0,353.71,0,upload_cloud,1
B2,1,205,0.7717,0.4843,1,348.13,1,upload_cloud,1
B2,1,206,0.5945,0.5945,1,121.9,0,upload_cloud,1
B2,1,207,0.5759,0.5759,1,402.1,0,upload_cloud,1
B2,1,208,0.7532,0.4224,1,267.92,1,upload_cloud,1
B2,1,209,0.5577,0.5577,1,511.58,0,upload_cloud,1
B2,1,210,0.7365,0.7365,0,402.49,0,upload_cloud,1
B2,1,211,0.5194,0.3524,1,521.34,1,upload_cloud,1
B2,1,212,0.6161,0.6161,0,527.49,0,upload_cloud,1
B2,1,213,0.6729,0.6729,0,68.94,0,upload_cloud,1
B2,1,214,0.8053,0.8053,0,564.74,0,upload_cloud,1
B2,1,215,0.6201,0.6201,0,436.4,0,upload_cloud,1
B2,1,216,0.6399,0.6399,0,217.41,0,upload_cloud,1
B2,1,217,0.5452,0.5452,0,437.46,0,upload_cloud,1
B2,1,218,0.7216,0.485,0,274.48,1,upload_cloud,1
B2,1,219,0.6736,0.2098,1,208.85,2,upload_cloud,1
B2,1,220,0.5091,0.5091,1,130.93,0,upload_cloud,1
B2,1,221,0.6027,0.6027,0,226.05,0,upload_cloud,1
B2,1,222,0.6402,0.6402,0,213.1,0,upload_cloud,1
B2,1,223,0.5019,0.5019,0,440.55,0,upload_cloud,1
B2,1,224,0.6325,0.6325,0,371.62,0,upload_cloud,1
B2,1,225,0.6626,0.3511,1,173.95,1,upload_cloud,1
B2,1,226,0.6988,0.3904,1,327.77,1,upload_cloud,1
B2,1,227,0.5541,0.5541,0,83.89,0,upload_cloud,1
B2,1,228,0.576,0.3396,1,368.81,1,upload_cloud,1
B2,1,229,0.4995,0.4995,0,210.88,0,upload_cloud,1
B2,1,230,0.6112,0.6112,0,113.33,0,upload_cloud,1
B2,1,231,0.584,0.584,0,522.31,0,upload_cloud,1
B2,1,232,0.7463,0.4298,1,167.99,1,upload_cloud,1
B2,1,233,0.5706,0.5706,0,370.58,0,upload_cloud,1
B2,1,234,0.593,0.4112,1,235.24,1,upload_cloud,1
B2,1,235,0.6772,0.6772,0,461.94,0,upload_cloud,1
B2,1,236,0.7034,0.4553,0,348.4,1,upload_cloud,1
B2,1,237,0.8367,0.487,1,595.45,1,upload_cloud,1
B2,1,238,0.5987,0.4133,1,500.09,1,upload_cloud,1
B2,1,239,0.6924,0.4455,0,449.19,1,upload_cloud,1
B2,1,240,0.7046,0.4538,1,336.69,1,upload_cloud,1
B2,1,241,0.593,0.593,0,398.51,0,upload_cloud,1
B2,1,242,0.5443,0.3662,1,264.97,1,upload_cloud,1
B2,1,243,0.776,0.776,0,566.83,0,upload_cloud,1
B2,1,244,0.7984,0.4934,1,594.37,1,upload_cloud,1
B2,1,245,0.7985,0.4702,1,419.63,1,upload_cloud,1
B2,1,246,0.7469,0.4214,1,252.16,1,upload_cloud,1
B2,1,247,0.6495,0.6495,0,495.44,0,upload_cloud,1
B2,1,248,0.6218,0.3346,1,217.09,1,upload_cloud,1
B2,1,249,0.771,0.4364,1,625.07,1,upload_cloud,1
B2,1,250,0.6359,0.6359,0,269.93,0,upload_cloud,1
B2,1,251,0.7896,0.462,0,644.47,1,upload_cloud,1
B2,1,252,0.6916,0.6916,0,213.21,0,upload_cloud,1
B2,1,253,0.5161,0.5161,0,91.24,0,upload_cloud,1
B2,1,254,0.6317,0.6317,0,210.62,0,upload_cloud,1
B2,1,255,0.5261,0.5261,0,223.41,0,upload_cloud,1
B2,1,256,0.5828,0.3861,1,561.33,1,upload_cloud,1
B2,1,257,0.505,0.505,0,307.67,0,upload_cloud,1
B2,1,258,0.5311,0.5311,0,208.59,0,upload_cloud,1
B2,1,259,0.6036,0.6036,0,81.33,0,upload_cloud,1
B2,1,260,0.7022,0.4288,1,591.74,1,upload_cloud,1
B2,1,261,0.6438,0.6438,0,353.03,0,upload_cloud,1
B2,1,262,0.538,0.538,0,391.42,0,upload_cloud,1
B2,1,263,0.7622,0.447,0,268.92,1,upload_cloud,1
B2,1,264,0.7103,0.4556,1,514.5,1,upload_cloud,1
B2,1,265,0.7228,0.4445,1,580.33,1,upload_cloud,1
B2,1,266,0.8043,0.4801,0,540.73,1,upload_cloud,1
B2,1,267,0.5233,0.5233,0,333.7,0,upload_cloud,1
B2,1,268,0.5313,0.5313,0,181.84,0,upload_cloud,1
B2,1,269,0.5731,0.3775,1,236.98,1,upload_cloud,1
B2,1,270,0.5994,0.5994,1,414.79,0,upload_cloud,1
B2,1,271,0.5132,0.5132,1,173.04,0,upload_cloud,1
B2,1,272,0.7685,0.4871,0,496.94,1,upload_cloud,1
B2,1,273,0.6551,0.6551,0,83.87,0,upload_cloud,1
B2,1,274,0.6911,0.389,1,180.53,1,upload_cloud,1
B2,1,275,0.6467,0.6467,0,68.8,0,upload_cloud,1
B2,1,276,0.7339,0.3872,1,288.0,1,upload_cloud,1
B2,1,277,0.6371,0.4317,1,224.08,1,upload_cloud,1
B2,1,278,0.5446,0.5446,0,72.4,0,upload_cloud,1
B2,1,279,0.7422,0.7422,0,428.98,0,upload_cloud,1
B2,1,280,0.6194,0.6194,1,261.78,0,upload_cloud,1
B2,1,281,0.658,0.3709,1,303.38,1,upload_cloud,1
B2,1,282,0.6625,0.6625,0,107.49,0,upload_cloud,1
B2,1,283,0.5043,0.5043,0,439.88,0,upload_cloud,1
B2,1,284,0.5389,0.5389,0,267.8,0,upload_cloud,1
B2,1,285,0.6303,0.6303,0,81.5,0,upload_cloud,1
B2,1,286,0.744,0.4239,1,329.29,1,upload_cloud,1
B2,1,287,0.7475,0.4637,1,145.48,1,upload_cloud,1
B2,1,288,0.6044,0.6044,1,222.09,0,upload_cloud,1
B2,1,289,0.6901,0.4375,1,210.73,1,upload_cloud,1
B2,1,290,0.6164,0.6164,0,224.36,0,upload_cloud,1
B2,1,291,0.5744,0.5744,1,436.05,0,upload_cloud,1
B2,1,292,0.566,0.3902,1,255.14,1,upload_cloud,1
B2,1,293,0.5904,0.3553,0,212.53,1,upload_cloud,1
B2,1,294,0.7203,0.4203,1,534.91,1,upload_cloud,1
B2,1,295,0.6785,0.6785,0,255.77,0,upload_cloud,1
B2,1,296,0.6218,0.3891,1,550.72,1,upload_cloud,1
B2,1,297,0.5194,0.5194,0,272.26,0,upload_cloud,1
B2,1,298,0.5929,0.3417,1,188.97,1,upload_cloud,1
B2,1,299,0.526,0.526,0,115.72,0,upload_cloud,1
B2,1,300,0.7486,0.4425,0,370.59,1,upload_cloud,1
B2,1,301,0.5671,0.5671,1,556.26,0,upload_cloud,1
B2,1,302,0.5889,0.5889,0,381.66,0,upload_cloud,1
B2,1,303,0.5755,0.5755,0,141.02,0,upload_cloud,1
B2,1,304,0.7133,0.4524,1,396.59,1,upload_cloud,1
B2,1,305,0.5995,0.3536,0,207.64,1,upload_cloud,1
B2,1,306,0.5087,0.5087,0,134.6,0,upload_cloud,1
B2,1,307,0.7248,0.4471,1,253.31,1,upload_cloud,1
B2,1,308,0.6891,0.4655,0,329.26,1,upload_cloud,1
B2,1,309,0.765,0.765,0,464.69,0,upload_cloud,1
B2,1,310,0.8066,0.4645,1,371.96,1,upload_cloud,1
B2,1,311,0.6673,0.428,1,572.48,1,upload_cloud,1
B2,1,312,0.6888,0.4281,1,409.3,1,upload_cloud,1
B2,1,313,0.5772,0.383,1,134.71,1,upload_cloud,1
B2,1,314,0.6181,0.6181,0,480.04,0,upload_cloud,1
B2,1,315,0.6437,0.3302,1,196.05,1,upload_cloud,1
B2,1,316,0.5599,0.3856,1,177.71,1,upload_cloud,1
B2,1,317,0.74,0.417,1,553.2,1,upload_cloud,1
B2,1,318,0.5531,0.3234,1,278.43,1,upload_cloud,1
B2,1,319,0.7241,0.3843,1,243.98,1,upload_cloud,1
B2,1,320,0.7196,0.4813,1,278.07,1,upload_cloud,1
B2,1,321,0.6686,0.4609,1,436.08,1,upload_cloud,1
B2,1,322,0.581,0.581,0,431.85,0,upload_cloud,1
B2,1,323,0.5432,0.5432,1,237.59,0,upload_cloud,1
B2,1,324,0.6932,0.434,1,172.7,1,upload_cloud,1
B2,1,325,0.5817,0.3847,1,579.7,1,upload_cloud,1
B2,1,326,0.5489,0.5489,0,519.12,0,upload_cloud,1
B2,1,327,0.7086,0.4677,0,266.77,1,upload_cloud,1
B2,1,328,0.633,0.633,0,247.11,0,upload_cloud,1
B2,1,329,0.5633,0.5633,1,274.97,0,upload_cloud,1
B2,1,330,0.6183,0.6183,0,537.28,0,upload_cloud,1
B2,1,331,0.5891,0.5891,0,227.75,0,upload_cloud,1
B2,1,332,0.5925,0.5925,0,411.08,0,upload_cloud,1
B2,1,333,0.6576,0.4439,1,260.91,1,upload_cloud,1
B2,1,334,0.7433,0.4518,0,336.24,1,upload_cloud,1
B2,1,335,0.5073,0.5073,0,435.75,0,upload_cloud,1
B2,1,336,0.7702,0.3036,1,560.04,2,upload_cloud,1
B2,1,337,0.657,0.657,0,346.0,0,upload_cloud,1
B2,1,338,0.5841,0.374,0,540.68,1,upload_cloud,1
B2,1,339,0.5471,0.5471,0,339.66,0,upload_cloud,1
B2,1,340,0.6232,0.6232,0,131.37,0,upload_cloud,1
B2,1,341,0.6245,0.6245,0,116.94,0,upload_cloud,1
B2,1,342,0.6018,0.6018,0,203.03,0,upload_cloud,1
B2,1,343,0.7297,0.3887,1,494.75,1,upload_cloud,1
B2,1,344,0.7164,0.4785,1,621.08,1,upload_cloud,1
B2,1,345,0.5969,0.4355,0,172.72,1,upload_cloud,1
B2,1,346,0.5615,0.5615,1,392.49,0,upload_cloud,1
B2,1,347,0.7564,0.4353,0,421.77,1,upload_cloud,1
B2,1,348,0.7512,0.4162,0,451.17,1,upload_cloud,1
B2,1,349,0.6747,0.3979,1,564.79,1,upload_cloud,1
B2,1,350,0.662,0.662,0,419.75,0,upload_cloud,1
B2,1,351,0.5703,0.5703,0,534.34,0,upload_cloud,1
B2,1,352,0.6639,0.4491,1,521.55,1,upload_cloud,1
B2,1,353,0.7304,0.7304,0,478.53,0,upload_cloud,1
B2,1,354,0.5393,0.5393,1,507.32,0,upload_cloud,1
B2,1,355,0.5049,0.5049,0,300.93,0,upload_cloud,1
B2,1,356,0.659,0.659,0,193.14,0,upload_cloud,1
B2,1,357,0.5613,0.5613,0,124.19,0,upload_cloud,1
B2,1,358,0.6195,0.6195,1,530.92,0,upload_cloud,1
B2,1,359,0.7402,0.4067,1,383.07,1,upload_cloud,1
B2,1,360,0.5781,0.5781,0,486.76,0,upload_cloud,1
B2,1,361,0.5974,0.5974,0,449.05,0,upload_cloud,1
B2,1,362,0.7519,0.4589,0,182.58,1,upload_cloud,1
B2,1,363,0.5966,0.5966,0,510.58,0,upload_cloud,1
B2,1,364,0.6079,0.6079,0,206.27,0,upload_cloud,1
B2,1,365,0.5021,0.5021,1,302.13,0,upload_cloud,1
B2,1,366,0.7213,0.4826,0,392.58,1,upload_cloud,1
B2,1,367,0.5581,0.3783,1,215.63,1,upload_cloud,1
B2,1,368,0.788,0.463,1,403.65,1,upload_cloud,1
B2,1,369,0.6929,0.6929,0,157.34,0,upload_cloud,1
B2,1,370,0.6546,0.4859,0,441.41,1,upload_cloud,1
B2,1,371,0.5306,0.5306,1,177.59,0,upload_cloud,1
B2,1,372,0.5431,0.5431,0,558.28,0,upload_cloud,1
B2,1,373,0.4997,0.4997,0,290.39,0,upload_cloud,1
B2,1,374,0.6074,0.6074,0,260.0,0,upload_cloud,1
B2,1,375,0.7869,0.4701,1,223.91,1,upload_cloud,1
B2,1,376,0.7661,0.4655,1,423.11,1,upload_cloud,1
B2,1,377,0.6588,0.4745,1,449.76,1,upload_cloud,1
B2,1,378,0.518,0.3424,1,425.2,1,upload_cloud,1
B2,1,379,0.6921,0.4788,0,552.91,1,upload_cloud,1
B2,1,380,0.5039,0.5039,1,199.82,0,upload_cloud,1
B2,1,381,0.6552,0.4734,0,142.35,1,upload_cloud,1
B2,1,382,0.6826,0.6826,0,211.1,0,upload_cloud,1
B2,1,383,0.6993,0.4203,1,226.12,1,upload_cloud,1
B2,1,384,0.5287,0.5287,0,425.4,0,upload_cloud,1
B2,1,385,0.7158,0.4901,0,276.45,1,upload_cloud,1
B2,1,386,0.7195,0.4233,1,378.75,1,upload_cloud,1
B2,1,387,0.7348,0.4735,0,552.11,1,upload_cloud,1
B2,1,388,0.7408,0.4017,1,519.79,1,upload_cloud,1
B2,1,389,0.7984,0.4634,0,247.25,1,upload_cloud,1
B2,1,390,0.8113,0.4817,1,560.0,1,upload_cloud,1
B2,1,391,0.7515,0.474,0,564.75,1,upload_cloud,1
B2,1,392,0.6296,0.6296,0,201.21,0,upload_cloud,1
B2,1,393,0.582,0.582,1,470.39,0,upload_cloud,1
B2,1,394,0.7084,0.4455,1,144.23,1,upload_cloud,1
B2,1,395,0.7882,0.4382,1,263.15,1,upload_cloud,1
B2,1,396,0.584,0.584,1,550.54,0,upload_cloud,1
B2,1,397,0.6396,0.3378,1,507.32,1,upload_cloud,1
B2,1,398,0.5439,0.5439,0,320.36,0,upload_cloud,1
B2,1,399,0.6542,0.4248,1,181.75,1,upload_cloud,1
B2,1,400,0.5589,0.5589,0,406.64,0,upload_cloud,1
B2,1,401,0.56,0.56,1,178.06,0,upload_cloud,1
B2,1,402,0.5232,0.5232,0,257.09,0,upload_cloud,1
B2,1,403,0.771,0.4271,1,554.71,1,upload_cloud,1
B2,1,404,0.5509,0.396,1,219.01,1,upload_cloud,1
B2,1,405,0.5666,0.3938,1,369.24,1,upload_cloud,1
B2,1,406,0.5365,0.5365,0,562.84,0,upload_cloud,1
B2,1,407,0.5417,0.5417,0,232.79,0,upload_cloud,1
B2,1,408,0.5509,0.5509,0,257.87,0,upload_cloud,1
B2,1,409,0.6704,0.6704,0,235.64,0,upload_cloud,1
B2,1,410,0.8329,0.497,1,182.32,1,upload_cloud,1
B2,1,411,0.7312,0.7312,0,182.45,0,upload_cloud,1
B2,1,412,0.6485,0.6485,1,431.44,0,upload_cloud,1
B2,1,413,0.7366,0.4732,1,564.91,1,upload_cloud,1
B2,1,414,0.6284,0.3272,0,344.75,1,upload_cloud,1
B2,1,415,0.5867,0.5867,0,181.69,0,upload_cloud,1
B2,1,416,0.6861,0.6861,0,179.79,0,upload_cloud,1
B2,1,417,0.7157,0.4404,0,532.47,1,upload_cloud,1
B2,1,418,0.5599,0.3953,1,470.51,1,upload_cloud,1
B2,1,419,0.8065,0.8065,0,413.39,0,upload_cloud,1
B2,1,420,0.7333,0.4118,1,455.32,1,upload_cloud,1
B2,1,421,0.6403,0.3467,1,250.98,1,upload_cloud,1
B2,1,422,0.6262,0.6262,0,247.59,0,upload_cloud,1
B2,1,423,0.6642,0.4252,1,483.2,1,upload_cloud,1
B2,1,424,0.6139,0.6139,0,159.05,0,upload_cloud,1
B2,1,425,0.699,0.4348,1,291.72,1,upload_cloud,1
B2,1,426,0.6449,0.6449,0,117.22,0,upload_cloud,1
B2,1,427,0.7584,0.4462,1,552.52,1,upload_cloud,1
B2,1,428,0.5149,0.5149,0,189.57,0,upload_cloud,1
B2,1,429,0.819,0.4728,1,371.19,1,upload_cloud,1
B2,1,430,0.5835,0.5835,0,115.3,0,upload_cloud,1
B2,1,431,0.5103,0.5103,1,177.33,0,upload_cloud,1
B2,1,432,0.5813,0.5813,0,551.47,0,upload_cloud,1
B2,1,433,0.5208,0.5208,0,489.7,0,upload_cloud,1
B2,1,434,0.6598,0.4712,0,127.81,1,upload_cloud,1
B2,1,435,0.5794,0.5794,1,99.79,0,upload_cloud,1
B2,1,436,0.6032,0.4281,1,141.5,1,upload_cloud,1
B2,1,437,0.914,0.914,0,190.63,0,upload_cloud,1
B2,1,438,0.5858,0.5858,1,109.35,0,upload_cloud,1
B2,1,439,0.5268,0.5268,1,376.55,0,upload_cloud,1
B2,1,440,0.7453,0.4874,1,397.15,1,upload_cloud,1
B2,1,441,0.7109,0.4002,1,155.31,1,upload_cloud,1
B2,1,442,0.5997,0.5997,0,169.22,0,upload_cloud,1
B2,1,443,0.6589,0.4327,1,542.07,1,upload_cloud,1
B2,1,444,0.6292,0.6292,0,65.46,0,upload_cloud,1
B2,1,445,0.6741,0.6741,0,115.82,0,upload_cloud,1
B2,1,446,0.6283,0.6283,0,426.97,0,upload_cloud,1
B2,1,447,0.6414,0.3602,1,159.17,1,upload_cloud,1
B2,1,448,0.76,0.4397,1,395.23,1,upload_cloud,1
B2,1,449,0.6185,0.6185,0,379.14,0,upload_cloud,1
B2,1,450,0.5878,0.5878,1,140.97,0,upload_cloud,1
B2,1,451,0.7069,0.7069,0,459.13,0,upload_cloud,1
B2,1,452,0.7194,0.4789,1,263.81,1,upload_cloud,1
B2,1,453,0.7722,0.4311,0,331.94,1,upload_cloud,1
B2,1,454,0.7247,0.4596,1,269.86,1,upload_cloud,1
B2,1,455,0.5432,0.5432,1,401.88,0,upload_cloud,1
B2,1,456,0.6109,0.6109,0,545.02,0,upload_cloud,1
B2,1,457,0.7368,0.7368,0,106.47,0,upload_cloud,1
B2,1,458,0.6209,0.6209,0,231.94,0,upload_cloud,1
B2,1,459,0.5142,0.3314,1,279.09,1,upload_cloud,1
B2,1,460,0.6133,0.3937,0,471.06,1,upload_cloud,1
B2,1,461,0.6484,0.4221,1,582.96,1,upload_cloud,1
B2,1,462,0.5955,0.4077,1,470.48,1,upload_cloud,1
B2,1,463,0.5743,0.5743,1,166.8,0,upload_cloud,1
B2,1,464,0.6786,0.6786,0,357.05,0,upload_cloud,1
B2,1,465,0.6972,0.4377,1,408.23,1,upload_cloud,1
B2,1,466,0.5255,0.5255,0,396.99,0,upload_cloud,1
B2,1,467,0.5205,0.5205,0,476.73,0,upload_cloud,1
B2,1,468,0.7544,0.4466,1,335.52,1,upload_cloud,1
B2,1,469,0.5502,0.5502,0,350.19,0,upload_cloud,1
B2,1,470,0.613,0.613,0,396.87,0,upload_cloud,1
B2,1,471,0.6117,0.6117,0,494.57,0,upload_cloud,1
B2,1,472,0.5211,0.5211,1,187.55,0,upload_cloud,1
B2,1,473,0.5386,0.5386,0,437.03,0,upload_cloud,1
B2,1,474,0.5873,0.5873,1,504.97,0,upload_cloud,1
B2,1,475,0.5416,0.5416,0,418.69,0,upload_cloud,1
B2,1,476,0.6031,0.2935,1,144.3,1,upload_cloud,1
B2,1,477,0.6158,0.3896,0,352.83,1,upload_cloud,1
B2,1,478,0.5,0.5,0,170.02,0,upload_cloud,1
B2,1,479,0.7397,0.4218,1,386.12,1,upload_cloud,1
B2,1,480,0.613,0.613,0,301.04,0,upload_cloud,1
B2,1,481,0.6051,0.6051,1,249.96,0,upload_cloud,1
B2,1,482,0.5859,0.3733,1,466.63,1,upload_cloud,1
B2,1,483,0.5407,0.5407,1,340.31,0,upload_cloud,1
B2,1,484,0.5366,0.3026,1,230.34,1,upload_cloud,1
B2,1,485,0.7242,0.3898,0,344.57,1,upload_cloud,1
B2,1,486,0.5674,0.5674,0,145.2,0,upload_cloud,1
B2,1,487,0.7948,0.465,1,595.58,1,upload_cloud,1
B2,1,488,0.6664,0.3695,1,608.25,1,upload_cloud,1
B2,1,489,0.6095,0.4174,1,432.78,1,upload_cloud,1
B2,1,490,0.5746,0.5746,0,188.18,0,upload_cloud,1
B2,1,491,0.8342,0.8342,0,502.24,0,upload_cloud,1
B2,1,492,0.5647,0.4121,0,165.12,1,upload_cloud,1
B2,1,493,0.6958,0.4228,1,371.1,1,upload_cloud,1
B2,1,494,0.5761,0.5761,0,170.22,0,upload_cloud,1
B2,1,495,0.6939,0.4404,1,442.61,1,upload_cloud,1
B2,1,496,0.7785,0.7785,0,446.81,0,upload_cloud,1
B2,1,497,0.712,0.4533,1,279.67,1,upload_cloud,1
B2,1,498,0.503,0.503,1,93.79,0,upload_cloud,1
B2,1,499,0.5882,0.5882,0,314.47,0,upload_cloud,1
B3,1,0,0.548,0.468,0,165.97,0,upload_cloud,1
B3,1,1,0.6422,0.5622,1,235.21,0,upload_cloud,1
B3,1,2,0.7487,0.409,1,325.72,1,upload_cloud,1
B3,1,3,0.5703,0.4903,0,89.41,0,upload_cloud,1
B3,1,4,0.6328,0.5528,1,276.26,0,upload_cloud,1
B3,1,5,0.6308,0.5508,1,104.8,0,upload_cloud,1
B3,1,6,0.5122,0.4322,1,319.54,0,upload_cloud,1
B3,1,7,0.6976,0.6176,0,138.16,0,upload_cloud,1
B3,1,8,0.734,0.654,0,534.65,0,upload_cloud,1
B3,1,9,0.7696,0.6896,0,185.81,0,upload_cloud,1
B3,1,10,0.5245,0.4445,1,471.06,0,upload_cloud,1
B3,1,11,0.633,0.553,1,375.23,0,upload_cloud,1
B3,1,12,0.5891,0.5091,0,165.32,0,upload_cloud,1
B3,1,13,0.6017,0.5217,0,253.45,0,upload_cloud,1
B3,1,14,0.6235,0.3758,1,395.33,1,upload_cloud,1
B3,1,15,0.5853,0.5053,0,84.57,0,upload_cloud,1
B3,1,16,0.5713,0.4913,0,307.89,0,upload_cloud,1
B3,1,17,0.5613,0.4813,0,374.17,0,upload_cloud,1
B3,1,18,0.7282,0.6482,1,439.39,0,upload_cloud,1
B3,1,19,0.5158,0.4358,1,129.02,0,upload_cloud,1
B3,1,20,0.699,0.619,0,271.9,0,upload_cloud,1
B3,1,21,0.6268,0.5468,1,191.7,0,upload_cloud,1
B3,1,22,0.5386,0.4586,1,211.02,0,upload_cloud,1
B3,1,23,0.5233,0.4433,1,383.67,0,upload_cloud,1
B3,1,24,0.6305,0.5505,0,284.39,0,upload_cloud,1
B3,1,25,0.5763,0.4963,0,543.04,0,upload_cloud,1
B3,1,26,0.5553,0.4753,0,79.12,0,upload_cloud,1
B3,1,27,0.5543,0.4743,1,408.74,0,upload_cloud,1
B3,1,28,0.5103,0.4303,1,161.85,0,upload_cloud,1
B3,1,29,0.6547,0.3522,1,310.56,1,upload_cloud,1
B3,1,30,0.5285,0.4485,1,325.54,0,upload_cloud,1
B3,1,31,0.5687,0.2664,1,581.02,1,upload_cloud,1
B3,1,32,0.698,0.618,1,424.9,0,upload_cloud,1
B3,1,33,0.6094,0.3308,1,252.92,1,upload_cloud,1
B3,1,34,0.5172,0.4372,1,78.11,0,upload_cloud,1
B3,1,35,0.5711,0.4911,1,169.96,0,upload_cloud,1
B3,1,36,0.5299,0.4499,0,314.85,0,upload_cloud,1
B3,1,37,0.5885,0.5085,0,204.92,0,upload_cloud,1
B3,1,38,0.6369,0.5569,1,299.57,0,upload_cloud,1
B3,1,39,0.6606,0.5806,1,205.74,0,upload_cloud,1
B3,1,40,0.6771,0.5971,0,335.93,0,upload_cloud,1
B3,1,41,0.515,0.435,1,231.64,0,upload_cloud,1
B3,1,42,0.6596,0.5796,1,316.4,0,upload_cloud,1
B3,1,43,0.646,0.566,0,546.76,0,upload_cloud,1
B3,1,44,0.5538,0.3109,1,291.32,1,upload_cloud,1
B3,1,45,0.5285,0.4485,0,393.38,0,upload_cloud,1
B3,1,46,0.5709,0.4909,0,218.97,0,upload_cloud,1
B3,1,47,0.7582,0.408,0,530.14,1,upload_cloud,1
B3,1,48,0.6358,0.5558,0,265.69,0,upload_cloud,1
B3,1,49,0.5578,0.4778,0,223.47,0,upload_cloud,1
B3,1,50,0.7508,0.6708,1,295.75,0,upload_cloud,1
B3,1,51,0.692,0.612,0,496.77,0,upload_cloud,1
B3,1,52,0.6006,0.5206,1,313.26,0,upload_cloud,1
B3,1,53,0.6434,0.5634,0,139.66,0,upload_cloud,1
B3,1,54,0.5292,0.4492,0,334.84,0,upload_cloud,1
B3,1,55,0.5991,0.5191,0,352.01,0,upload_cloud,1
B3,1,56,0.7237,0.6437,0,513.71,0,upload_cloud,1
B3,1,57,0.6874,0.6074,0,462.55,0,upload_cloud,1
B3,1,58,0.5174,0.4374,1,557.38,0,upload_cloud,1
B3,1,59,0.5181,0.4381,1,505.75,0,upload_cloud,1
B3,1,60,0.7402,0.6602,0,339.03,0,upload_cloud,1
B3,1,61,0.7864,0.7064,1,324.19,0,upload_cloud,1
B3,1,62,0.5603,0.4803,0,175.66,0,upload_cloud,1
B3,1,63,0.6868,0.6068,1,473.15,0,upload_cloud,1
B3,1,64,0.6686,0.5886,1,426.45,0,upload_cloud,1
B3,1,65,0.6466,0.5666,0,434.68,0,upload_cloud,1
B3,1,66,0.6356,0.5556,1,488.57,0,upload_cloud,1
B3,1,67,0.5158,0.4358,1,325.1,0,upload_cloud,1
B3,1,68,0.8242,0.7442,0,308.6,0,upload_cloud,1
B3,1,69,0.7213,0.6413,0,558.17,0,upload_cloud,1
B3,1,70,0.5812,0.5012,1,359.48,0,upload_cloud,1
B3,1,71,0.5976,0.5176,1,559.26,0,upload_cloud,1
B3,1,72,0.5587,0.4787,1,355.57,0,upload_cloud,1
B3,1,73,0.8197,0.7397,0,234.99,0,upload_cloud,1
B3,1,74,0.7284,0.6484,1,364.01,0,upload_cloud,1
B3,1,75,0.5278,0.4478,1,151.38,0,upload_cloud,1
B3,1,76,0.8202,0.4019,1,226.03,1,upload_cloud,1
B3,1,77,0.6018,0.3717,1,239.98,1,upload_cloud,1
B3,1,78,0.6089,0.5289,0,248.23,0,upload_cloud,1
B3,1,79,0.7042,0.6242,1,284.25,0,upload_cloud,1
B3,1,80,0.6215,0.5415,1,475.39,0,upload_cloud,1
B3,1,81,0.7473,0.4068,1,312.18,1,upload_cloud,1
B3,1,82,0.632,0.552,1,383.9,0,upload_cloud,1
B3,1,83,0.6485,0.5685,1,67.34,0,upload_cloud,1
B3,1,84,0.6613,0.4153,1,125.58,1,upload_cloud,1
B3,1,85,0.562,0.482,1,320.65,0,upload_cloud,1
B3,1,86,0.5752,0.3328,0,428.94,1,upload_cloud,1
B3,1,87,0.7364,0.4081,1,321.99,1,upload_cloud,1
B3,1,88,0.4981,0.4181,1,248.26,0,upload_cloud,1
B3,1,89,0.5558,0.4758,0,543.94,0,upload_cloud,1
B3,1,90,0.5974,0.5174,1,256.95,0,upload_cloud,1
B3,1,91,0.6486,0.4028,1,599.26,1,upload_cloud,1
B3,1,92,0.5979,0.2862,0,231.49,1,upload_cloud,1
B3,1,93,0.5287,0.4487,1,80.42,0,upload_cloud,1
B3,1,94,0.5292,0.4492,1,128.53,0,upload_cloud,1
B3,1,95,0.7446,0.6646,0,443.32,0,upload_cloud,1
B3,1,96,0.6817,0.6017,0,441.35,0,upload_cloud,1
B3,1,97,0.8746,0.7946,0,94.82,0,upload_cloud,1
B3,1,98,0.7622,0.3457,1,358.82,1,upload_cloud,1
B3,1,99,0.7266,0.3728,1,164.73,1,upload_cloud,1
B3,1,100,0.6819,0.2879,0,334.9,1,upload_cloud,1
B3,1,101,0.56,0.48,1,348.35,0,upload_cloud,1
B3,1,102,0.7368,0.6568,0,170.7,0,upload_cloud,1
B3,1,103,0.7857,0.7057,0,388.45,0,upload_cloud,1
B3,1,104,0.7997,0.7197,0,406.54,0,upload_cloud,1
B3,1,105,0.6515,0.5715,1,256.89,0,upload_cloud,1
B3,1,106,0.7665,0.4161,0,146.09,1,upload_cloud,1
B3,1,107,0.7476,0.4163,1,284.74,1,upload_cloud,1
B3,1,108,0.6259,0.5459,0,546.27,0,upload_cloud,1
B3,1,109,0.5646,0.4846,0,563.46,0,upload_cloud,1
B3,1,110,0.7304,0.6504,0,493.5,0,upload_cloud,1
B3,1,111,0.5683,0.4883,1,98.36,0,upload_cloud,1
B3,1,112,0.6504,0.5704,0,108.48,0,upload_cloud,1
B3,1,113,0.6465,0.4116,1,378.36,1,upload_cloud,1
B3,1,114,0.6933,0.6133,0,249.13,0,upload_cloud,1
B3,1,115,0.5146,0.4346,1,305.4,0,upload_cloud,1
B3,1,116,0.5582,0.2373,0,584.54,1,upload_cloud,1
B3,1,117,0.5995,0.5195,0,289.07,0,upload_cloud,1
B3,1,118,0.5353,0.4553,1,237.66,0,upload_cloud,1
B3,1,119,0.6983,0.3545,1,227.26,1,upload_cloud,1
B3,1,120,0.7877,0.393,1,426.71,1,upload_cloud,1
B3,1,121,0.7265,0.6465,0,405.05,0,upload_cloud,1
B3,1,122,0.6038,0.5238,1,312.81,0,upload_cloud,1
B3,1,123,0.5243,0.4443,1,107.77,0,upload_cloud,1
B3,1,124,0.5188,0.4388,1,538.94,0,upload_cloud,1
B3,1,125,0.7201,0.6401,0,287.49,0,upload_cloud,1
B3,1,126,0.7081,0.6281,0,436.48,0,upload_cloud,1
B3,1,127,0.6258,0.5458,0,318.25,0,upload_cloud,1
B3,1,128,0.7635,0.417,1,460.36,1,upload_cloud,1
B3,1,129,0.8926,0.8126,0,208.15,0,upload_cloud,1
B3,1,130,0.5088,0.4288,1,128.69,0,upload_cloud,1
B3,1,131,0.7913,0.407,1,262.22,1,upload_cloud,1
B3,1,132,0.5134,0.4334,1,124.89,0,upload_cloud,1
B3,1,133,0.643,0.563,1,260.43,0,upload_cloud,1
B3,1,134,0.8007,0.7207,0,358.94,0,upload_cloud,1
B3,1,135,0.5412,0.4612,0,85.73,0,upload_cloud,1
B3,1,136,0.5357,0.4557,0,192.88,0,upload_cloud,1
B3,1,137,0.6754,0.397,1,363.97,1,upload_cloud,1
B3,1,138,0.596,0.516,1,317.07,0,upload_cloud,1
B3,1,139,0.6586,0.5786,1,300.53,0,upload_cloud,1
B3,1,140,0.6675,0.3854,1,440.26,1,upload_cloud,1
B3,1,141,0.7418,0.6618,0,257.07,0,upload_cloud,1
B3,1,142,0.5161,0.4361,1,95.98,0,upload_cloud,1
B3,1,143,0.7254,0.6454,0,562.69,0,upload_cloud,1
B3,1,144,0.7166,0.6366,0,66.55,0,upload_cloud,1
B3,1,145,0.7194,0.6394,0,549.99,0,upload_cloud,1
B3,1,146,0.6966,0.6166,0,158.12,0,upload_cloud,1
B3,1,147,0.5865,0.5065,0,285.18,0,upload_cloud,1
B3,1,148,0.5522,0.4722,1,558.62,0,upload_cloud,1
B3,1,149,0.5804,0.5004,0,229.12,0,upload_cloud,1
B3,1,150,0.5697,0.4897,0,534.64,0,upload_cloud,1
B3,1,151,0.5224,0.4424,1,214.11,0,upload_cloud,1
B3,1,152,0.7982,0.7182,0,109.74,0,upload_cloud,1
B3,1,153,0.5991,0.5191,1,328.24,0,upload_cloud,1
B3,1,154,0.8188,0.3972,1,376.27,1,upload_cloud,1
B3,1,155,0.8952,0.8152,0,149.55,0,upload_cloud,1
B3,1,156,0.5218,0.4418,1,325.45,0,upload_cloud,1
B3,1,157,0.6877,0.6077,1,453.63,0,upload_cloud,1
B3,1,158,0.6202,0.5402,1,455.81,0,upload_cloud,1
B3,1,159,0.5552,0.4752,1,178.61,0,upload_cloud,1
B3,1,160,0.8323,0.7523,0,304.06,0,upload_cloud,1
B3,1,161,0.7572,0.6772,0,352.89,0,upload_cloud,1
B3,1,162,0.7638,0.6838,0,235.8,0,upload_cloud,1
B3,1,163,0.5959,0.5159,1,466.58,0,upload_cloud,1
B3,1,164,0.8689,0.7889,0,142.29,0,upload_cloud,1
B3,1,165,0.6778,0.5978,0,347.01,0,upload_cloud,1
B3,1,166,0.5903,0.5103,1,274.03,0,upload_cloud,1
B3,1,167,0.6499,0.5699,0,485.68,0,upload_cloud,1
B3,1,168,0.6277,0.2888,0,157.05,1,upload_cloud,1
B3,1,169,0.7733,0.6933,0,307.38,0,upload_cloud,1
B3,1,170,0.7088,0.6288,0,400.38,0,upload_cloud,1
B3,1,171,0.602,0.522,0,87.8,0,upload_cloud,1
B3,1,172,0.7203,0.6403,0,264.27,0,upload_cloud,1
B3,1,173,0.6957,0.6157,0,420.56,0,upload_cloud,1
B3,1,174,0.6578,0.5778,0,188.24,0,upload_cloud,1
B3,1,175,0.6416,0.5616,0,171.86,0,upload_cloud,1
B3,1,176,0.5157,0.4357,1,487.35,0,upload_cloud,1
B3,1,177,0.6145,0.5345,0,422.3,0,upload_cloud,1
B3,1,178,0.6995,0.6195,0,159.26,0,upload_cloud,1
B3,1,179,0.5776,0.4976,0,464.26,0,upload_cloud,1
B3,1,180,0.6382,0.5582,1,74.85,0,upload_cloud,1
B3,1,181,0.7588,0.3801,1,365.64,1,upload_cloud,1
B3,1,182,0.7192,0.6392,0,548.87,0,upload_cloud,1
B3,1,183,0.6375,0.1602,1,198.58,2,upload_cloud,1
B3,1,184,0.5354,0.4554,1,383.03,0,upload_cloud,1
B3,1,185,0.6197,0.5397,0,404.93,0,upload_cloud,1
B3,1,186,0.6175,0.5375,1,376.78,0,upload_cloud,1
B3,1,187,0.5428,0.4628,0,194.84,0,upload_cloud,1
B3,1,188,0.6572,0.5772,1,82.58,0,upload_cloud,1
B3,1,189,0.5974,0.5174,0,452.14,0,upload_cloud,1
B3,1,190,0.6136,0.3654,1,140.17,1,upload_cloud,1
B3,1,191,0.5885,0.5085,0,312.88,0,upload_cloud,1
B3,1,192,0.724,0.644,0,350.84,0,upload_cloud,1
B3,1,193,0.6714,0.2943,0,198.71,1,upload_cloud,1
B3,1,194,0.577,0.497,0,342.19,0,upload_cloud,1
B3,1,195,0.7369,0.3876,0,596.72,1,upload_cloud,1
B3,1,196,0.5821,0.5021,1,265.53,0,upload_cloud,1
B3,1,197,0.6351,0.5551,0,525.56,0,upload_cloud,1
B3,1,198,0.5736,0.4936,0,400.14,0,upload_cloud,1
B3,1,199,0.7419,0.6619,0,122.67,0,upload_cloud,1
B3,1,200,0.8457,0.7657,0,124.55,0,upload_cloud,1
B3,1,201,0.7378,0.3334,1,199.12,1,upload_cloud,1
B3,1,202,0.5808,0.5008,1,414.37,0,upload_cloud,1
B3,1,203,0.5278,0.4478,0,196.68,0,upload_cloud,1
B3,1,204,0.6905,0.6105,0,187.4,0,upload_cloud,1
B3,1,205,0.5643,0.4843,1,460.62,0,upload_cloud,1
B3,1,206,0.6745,0.5945,1,518.66,0,upload_cloud,1
B3,1,207,0.6559,0.5759,1,383.41,0,upload_cloud,1
B3,1,208,0.5024,0.4224,1,131.5,0,upload_cloud,1
B3,1,209,0.6377,0.5577,1,515.09,0,upload_cloud,1
B3,1,210,0.8165,0.7365,0,277.71,0,upload_cloud,1
B3,1,211,0.593,0.3524,1,462.96,1,upload_cloud,1
B3,1,212,0.6961,0.6161,0,502.9,0,upload_cloud,1
B3,1,213,0.7529,0.6729,0,203.62,0,upload_cloud,1
B3,1,214,0.8853,0.8053,0,242.92,0,upload_cloud,1
B3,1,215,0.7001,0.6201,0,251.71,0,upload_cloud,1
B3,1,216,0.7199,0.6399,0,109.16,0,upload_cloud,1
B3,1,217,0.6252,0.5452,0,544.55,0,upload_cloud,1
B3,1,218,0.565,0.485,0,413.36,0,upload_cloud,1
B3,1,219,0.6298,0.2098,1,393.05,1,upload_cloud,1
B3,1,220,0.5891,0.5091,1,514.4,0,upload_cloud,1
B3,1,221,0.6827,0.6027,0,241.12,0,upload_cloud,1
B3,1,222,0.7202,0.6402,0,395.48,0,upload_cloud,1
B3,1,223,0.5819,0.5019,0,540.14,0,upload_cloud,1
B3,1,224,0.7125,0.6325,0,297.77,0,upload_cloud,1
B3,1,225,0.6087,0.3511,1,165.98,1,upload_cloud,1
B3,1,226,0.6506,0.3904,1,461.07,1,upload_cloud,1
B3,1,227,0.6341,0.5541,0,264.31,0,upload_cloud,1
B3,1,228,0.6126,0.3396,1,523.48,1,upload_cloud,1
B3,1,229,0.5795,0.4995,0,370.62,0,upload_cloud,1
B3,1,230,0.6912,0.6112,0,211.7,0,upload_cloud,1
B3,1,231,0.664,0.584,0,255.96,0,upload_cloud,1
B3,1,232,0.5098,0.4298,1,506.1,0,upload_cloud,1
B3,1,233,0.6506,0.5706,0,68.57,0,upload_cloud,1
B3,1,234,0.6457,0.4112,1,521.81,1,upload_cloud,1
B3,1,235,0.7572,0.6772,0,99.54,0,upload_cloud,1
B3,1,236,0.5353,0.4553,0,527.53,0,upload_cloud,1
B3,1,237,0.567,0.487,1,458.92,0,upload_cloud,1
B3,1,238,0.746,0.4133,1,347.77,1,upload_cloud,1
B3,1,239,0.5255,0.4455,0,130.57,0,upload_cloud,1
B3,1,240,0.5338,0.4538,1,401.1,0,upload_cloud,1
B3,1,241,0.673,0.593,0,180.97,0,upload_cloud,1
B3,1,242,0.7059,0.3662,1,234.39,1,upload_cloud,1
B3,1,243,0.856,0.776,0,241.82,0,upload_cloud,1
B3,1,244,0.5734,0.4934,1,365.05,0,upload_cloud,1
B3,1,245,0.5502,0.4702,1,164.14,0,upload_cloud,1
B3,1,246,0.5014,0.4214,1,85.31,0,upload_cloud,1
B3,1,247,0.7295,0.6495,0,217.92,0,upload_cloud,1
B3,1,248,0.7292,0.3346,1,133.31,1,upload_cloud,1
B3,1,249,0.5164,0.4364,1,223.58,0,upload_cloud,1
B3,1,250,0.7159,0.6359,0,89.66,0,upload_cloud,1
B3,1,251,0.542,0.462,0,417.58,0,upload_cloud,1
B3,1,252,0.7716,0.6916,0,466.61,0,upload_cloud,1
B3,1,253,0.5961,0.5161,0,164.67,0,upload_cloud,1
B3,1,254,0.7117,0.6317,0,455.58,0,upload_cloud,1
B3,1,255,0.6061,0.5261,0,448.71,0,upload_cloud,1
B3,1,256,0.6677,0.3861,1,169.83,1,upload_cloud,1
B3,1,257,0.585,0.505,0,491.56,0,upload_cloud,1
B3,1,258,0.6111,0.5311,0,160.99,0,upload_cloud,1
B3,1,259,0.6836,0.6036,0,231.56,0,upload_cloud,1
B3,1,260,0.5088,0.4288,1,303.52,0,upload_cloud,1
B3,1,261,0.7238,0.6438,0,138.46,0,upload_cloud,1
B3,1,262,0.618,0.538,0,268.81,0,upload_cloud,1
B3,1,263,0.527,0.447,0,386.42,0,upload_cloud,1
B3,1,264,0.5356,0.4556,1,163.33,0,upload_cloud,1
B3,1,265,0.5245,0.4445,1,346.19,0,upload_cloud,1
B3,1,266,0.5601,0.4801,0,336.02,0,upload_cloud,1
B3,1,267,0.6033,0.5233,0,125.07,0,upload_cloud,1
B3,1,268,0.6113,0.5313,0,556.19,0,upload_cloud,1
B3,1,269,0.7758,0.3775,1,253.32,1,upload_cloud,1
B3,1,270,0.6794,0.5994,1,194.74,0,upload_cloud,1
B3,1,271,0.5932,0.5132,1,546.39,0,upload_cloud,1
B3,1,272,0.5671,0.4871,0,393.53,0,upload_cloud,1
B3,1,273,0.7351,0.6551,0,289.59,0,upload_cloud,1
B3,1,274,0.7224,0.389,1,150.97,1,upload_cloud,1
B3,1,275,0.7267,0.6467,0,109.06,0,upload_cloud,1
B3,1,276,0.7157,0.3872,1,449.65,1,upload_cloud,1
B3,1,277,0.5117,0.4317,1,250.91,0,upload_cloud,1
B3,1,278,0.6246,0.5446,0,313.82,0,upload_cloud,1
B3,1,279,0.8222,0.7422,0,310.05,0,upload_cloud,1
B3,1,280,0.6994,0.6194,1,197.21,0,upload_cloud,1
B3,1,281,0.6112,0.3709,1,547.66,1,upload_cloud,1
B3,1,282,0.7425,0.6625,0,493.43,0,upload_cloud,1
B3,1,283,0.5843,0.5043,0,346.63,0,upload_cloud,1
B3,1,284,0.6189,0.5389,0,451.77,0,upload_cloud,1
B3,1,285,0.7103,0.6303,0,278.74,0,upload_cloud,1
B3,1,286,0.5039,0.4239,1,134.35,0,upload_cloud,1
B3,1,287,0.5437,0.4637,1,232.56,0,upload_cloud,1
B3,1,288,0.6844,0.6044,1,312.93,0,upload_cloud,1
B3,1,289,0.5175,0.4375,1,223.36,0,upload_cloud,1
B3,1,290,0.6964,0.6164,0,480.64,0,upload_cloud,1
B3,1,291,0.6544,0.5744,1,160.36,0,upload_cloud,1
B3,1,292,0.705,0.3902,1,273.99,1,upload_cloud,1
B3,1,293,0.723,0.3553,0,514.44,1,upload_cloud,1
B3,1,294,0.5003,0.4203,1,256.52,0,upload_cloud,1
B3,1,295,0.7585,0.6785,0,97.22,0,upload_cloud,1
B3,1,296,0.8066,0.3891,1,213.62,1,upload_cloud,1
B3,1,297,0.5994,0.5194,0,417.24,0,upload_cloud,1
B3,1,298,0.6336,0.3417,1,518.9,1,upload_cloud,1
B3,1,299,0.606,0.526,0,166.08,0,upload_cloud,1
B3,1,300,0.5225,0.4425,0,492.21,0,upload_cloud,1
B3,1,301,0.6471,0.5671,1,363.2,0,upload_cloud,1
B3,1,302,0.6689,0.5889,0,118.45,0,upload_cloud,1
B3,1,303,0.6555,0.5755,0,467.68,0,upload_cloud,1
B3,1,304,0.5324,0.4524,1,333.58,0,upload_cloud,1
B3,1,305,0.61,0.3536,0,197.7,1,upload_cloud,1
B3,1,306,0.5887,0.5087,0,232.44,0,upload_cloud,1
B3,1,307,0.5271,0.4471,1,190.7,0,upload_cloud,1
B3,1,308,0.5455,0.4655,0,382.36,0,upload_cloud,1
B3,1,309,0.845,0.765,0,511.51,0,upload_cloud,1
B3,1,310,0.5445,0.4645,1,367.23,0,upload_cloud,1
B3,1,311,0.508,0.428,1,494.91,0,upload_cloud,1
B3,1,312,0.5081,0.4281,1,115.27,0,upload_cloud,1
B3,1,313,0.7836,0.383,1,487.43,1,upload_cloud,1
B3,1,314,0.6981,0.6181,0,269.47,0,upload_cloud,1
B3,1,315,0.7455,0.3302,1,356.62,1,upload_cloud,1
B3,1,316,0.6217,0.3856,1,373.52,1,upload_cloud,1
B3,1,317,0.7344,0.417,1,246.28,1,upload_cloud,1
B3,1,318,0.6484,0.3234,1,471.62,1,upload_cloud,1
B3,1,319,0.7814,0.3843,1,490.81,1,upload_cloud,1
B3,1,320,0.5613,0.4813,1,386.01,0,upload_cloud,1
B3,1,321,0.5409,0.4609,1,348.49,0,upload_cloud,1
B3,1,322,0.661,0.581,0,262.45,0,upload_cloud,1
B3,1,323,0.6232,0.5432,1,70.71,0,upload_cloud,1
B3,1,324,0.514,0.434,1,135.44,0,upload_cloud,1
B3,1,325,0.7456,0.3847,1,574.47,1,upload_cloud,1
B3,1,326,0.6289,0.5489,0,241.34,0,upload_cloud,1
B3,1,327,0.5477,0.4677,0,539.93,0,upload_cloud,1
B3,1,328,0.713,0.633,0,278.89,0,upload_cloud,1
B3,1,329,0.6433,0.5633,1,520.1,0,upload_cloud,1
B3,1,330,0.6983,0.6183,0,559.13,0,upload_cloud,1
B3,1,331,0.6691,0.5891,0,441.47,0,upload_cloud,1
B3,1,332,0.6725,0.5925,0,133.21,0,upload_cloud,1
B3,1,333,0.5239,0.4439,1,474.19,0,upload_cloud,1
B3,1,334,0.5318,0.4518,0,173.13,0,upload_cloud,1
B3,1,335,0.5873,0.5073,0,176.57,0,upload_cloud,1
B3,1,336,0.6806,0.3036,1,589.94,1,upload_cloud,1
B3,1,337,0.737,0.657,0,376.07,0,upload_cloud,1
B3,1,338,0.7643,0.374,0,172.54,1,upload_cloud,1
B3,1,339,0.6271,0.5471,0,387.01,0,upload_cloud,1
B3,1,340,0.7032,0.6232,0,457.67,0,upload_cloud,1
B3,1,341,0.7045,0.6245,0,256.65,0,upload_cloud,1
B3,1,342,0.6818,0.6018,0,296.87,0,upload_cloud,1
B3,1,343,0.7634,0.3887,1,139.87,1,upload_cloud,1
B3,1,344,0.5585,0.4785,1,210.81,0,upload_cloud,1
B3,1,345,0.5155,0.4355,0,128.7,0,upload_cloud,1
B3,1,346,0.6415,0.5615,1,386.04,0,upload_cloud,1
B3,1,347,0.5153,0.4353,0,538.83,0,upload_cloud,1
B3,1,348,0.7634,0.4162,0,478.07,1,upload_cloud,1
B3,1,349,0.8115,0.3979,1,365.14,1,upload_cloud,1
B3,1,350,0.742,0.662,0,187.33,0,upload_cloud,1
B3,1,351,0.6503,0.5703,0,129.43,0,upload_cloud,1
B3,1,352,0.5291,0.4491,1,538.66,0,upload_cloud,1
B3,1,353,0.8104,0.7304,0,560.33,0,upload_cloud,1
B3,1,354,0.6193,0.5393,1,543.82,0,upload_cloud,1
B3,1,355,0.5849,0.5049,0,339.03,0,upload_cloud,1
B3,1,356,0.739,0.659,0,139.65,0,upload_cloud,1
B3,1,357,0.6413,0.5613,0,111.72,0,upload_cloud,1
B3,1,358,0.6995,0.6195,1,148.17,0,upload_cloud,1
B3,1,359,0.7045,0.4067,1,493.49,1,upload_cloud,1
B3,1,360,0.6581,0.5781,0,273.57,0,upload_cloud,1
B3,1,361,0.6774,0.5974,0,436.42,0,upload_cloud,1
B3,1,362,0.5389,0.4589,0,442.55,0,upload_cloud,1
B3,1,363,0.6766,0.5966,0,428.34,0,upload_cloud,1
B3,1,364,0.6879,0.6079,0,122.32,0,upload_cloud,1
B3,1,365,0.5821,0.5021,1,379.44,0,upload_cloud,1
B3,1,366,0.5626,0.4826,0,327.04,0,upload_cloud,1
B3,1,367,0.7341,0.3783,1,249.63,1,upload_cloud,1
B3,1,368,0.543,0.463,1,402.22,0,upload_cloud,1
B3,1,369,0.7729,0.6929,0,514.56,0,upload_cloud,1
B3,1,370,0.5659,0.4859,0,383.01,0,upload_cloud,1
B3,1,371,0.6106,0.5306,1,79.69,0,upload_cloud,1
B3,1,372,0.6231,0.5431,0,384.23,0,upload_cloud,1
B3,1,373,0.5797,0.4997,0,111.76,0,upload_cloud,1
B3,1,374,0.6874,0.6074,0,241.87,0,upload_cloud,1
B3,1,375,0.5501,0.4701,1,542.52,0,upload_cloud,1
B3,1,376,0.5455,0.4655,1,80.79,0,upload_cloud,1
B3,1,377,0.5545,0.4745,1,541.28,0,upload_cloud,1
B3,1,378,0.7294,0.3424,1,232.3,1,upload_cloud,1
B3,1,379,0.5588,0.4788,0,259.16,0,upload_cloud,1
B3,1,380,0.5839,0.5039,1,296.07,0,upload_cloud,1
B3,1,381,0.5534,0.4734,0,178.67,0,upload_cloud,1
B3,1,382,0.7626,0.6826,0,433.69,0,upload_cloud,1
B3,1,383,0.5003,0.4203,1,259.98,0,upload_cloud,1
B3,1,384,0.6087,0.5287,0,133.67,0,upload_cloud,1
B3,1,385,0.5701,0.4901,0,382.58,0,upload_cloud,1
B3,1,386,0.5033,0.4233,1,488.14,0,upload_cloud,1
B3,1,387,0.5535,0.4735,0,516.15,0,upload_cloud,1
B3,1,388,0.8249,0.4017,1,293.38,1,upload_cloud,1
B3,1,389,0.5434,0.4634,0,191.57,0,upload_cloud,1
B3,1,390,0.5617,0.4817,1,296.86,0,upload_cloud,1
B3,1,391,0.554,0.474,0,416.38,0,upload_cloud,1
B3,1,392,0.7096,0.6296,0,414.84,0,upload_cloud,1
B3,1,393,0.662,0.582,1,419.27,0,upload_cloud,1
B3,1,394,0.5255,0.4455,1,143.18,0,upload_cloud,1
B3,1,395,0.5182,0.4382,1,509.18,0,upload_cloud,1
B3,1,396,0.664,0.584,1,475.04,0,upload_cloud,1
B3,1,397,0.6122,0.3378,1,188.89,1,upload_cloud,1
B3,1,398,0.6239,0.5439,0,113.87,0,upload_cloud,1
B3,1,399,0.5048,0.4248,1,430.28,0,upload_cloud,1
B3,1,400,0.6389,0.5589,0,506.71,0,upload_cloud,1
B3,1,401,0.64,0.56,1,236.31,0,upload_cloud,1
B3,1,402,0.6032,0.5232,0,382.23,0,upload_cloud,1
B3,1,403,0.5071,0.4271,1,556.28,0,upload_cloud,1
B3,1,404,0.7784,0.396,1,146.99,1,upload_cloud,1
B3,1,405,0.8186,0.3938,1,278.16,1,upload_cloud,1
B3,1,406,0.6165,0.5365,0,355.22,0,upload_cloud,1
B3,1,407,0.6217,0.5417,0,245.74,0,upload_cloud,1
B3,1,408,0.6309,0.5509,0,255.05,0,upload_cloud,1
B3,1,409,0.7504,0.6704,0,248.72,0,upload_cloud,1
B3,1,410,0.577,0.497,1,327.76,0,upload_cloud,1
B3,1,411,0.8112,0.7312,0,249.06,0,upload_cloud,1
B3,1,412,0.7285,0.6485,1,495.62,0,upload_cloud,1
B3,1,413,0.5532,0.4732,1,508.36,0,upload_cloud,1
B3,1,414,0.7293,0.3272,0,310.44,1,upload_cloud,1
B3,1,415,0.6667,0.5867,0,332.7,0,upload_cloud,1
B3,1,416,0.7661,0.6861,0,516.93,0,upload_cloud,1
B3,1,417,0.5204,0.4404,0,412.71,0,upload_cloud,1
B3,1,418,0.8239,0.3953,1,509.5,1,upload_cloud,1
B3,1,419,0.8865,0.8065,0,397.48,0,upload_cloud,1
B3,1,420,0.7238,0.4118,1,412.12,1,upload_cloud,1
B3,1,421,0.7092,0.3467,1,265.0,1,upload_cloud,1
B3,1,422,0.7062,0.6262,0,116.1,0,upload_cloud,1
B3,1,423,0.5052,0.4252,1,133.36,0,upload_cloud,1
B3,1,424,0.6939,0.6139,0,229.46,0,upload_cloud,1
B3,1,425,0.5148,0.4348,1,177.97,0,upload_cloud,1
B3,1,426,0.7249,0.6449,0,163.03,0,upload_cloud,1
B3,1,427,0.5262,0.4462,1,294.3,0,upload_cloud,1
B3,1,428,0.5949,0.5149,0,350.18,0,upload_cloud,1
B3,1,429,0.5528,0.4728,1,140.37,0,upload_cloud,1
B3,1,430,0.6635,0.5835,0,294.02,0,upload_cloud,1
B3,1,431,0.5903,0.5103,1,189.43,0,upload_cloud,1
B3,1,432,0.6613,0.5813,0,174.17,0,upload_cloud,1
B3,1,433,0.6008,0.5208,0,127.55,0,upload_cloud,1
B3,1,434,0.5512,0.4712,0,488.3,0,upload_cloud,1
B3,1,435,0.6594,0.5794,1,139.47,0,upload_cloud,1
B3,1,436,0.5081,0.4281,1,485.36,0,upload_cloud,1
B3,1,437,0.994,0.914,0,254.59,0,upload_cloud,1
B3,1,438,0.6658,0.5858,1,313.4,0,upload_cloud,1
B3,1,439,0.6068,0.5268,1,108.51,0,upload_cloud,1
B3,1,440,0.5674,0.4874,1,133.33,0,upload_cloud,1
B3,1,441,0.6423,0.4002,1,249.71,1,upload_cloud,1
B3,1,442,0.6797,0.5997,0,425.49,0,upload_cloud,1
B3,1,443,0.5127,0.4327,1,214.63,0,upload_cloud,1
B3,1,444,0.7092,0.6292,0,82.79,0,upload_cloud,1
B3,1,445,0.7541,0.6741,0,516.48,0,upload_cloud,1
B3,1,446,0.7083,0.6283,0,511.64,0,upload_cloud,1
B3,1,447,0.7513,0.3602,1,232.49,1,upload_cloud,1
B3,1,448,0.5197,0.4397,1,345.62,0,upload_cloud,1
B3,1,449,0.6985,0.6185,0,543.63,0,upload_cloud,1
B3,1,450,0.6678,0.5878,1,97.15,0,upload_cloud,1
B3,1,451,0.7869,0.7069,0,199.77,0,upload_cloud,1
B3,1,452,0.5589,0.4789,1,437.91,0,upload_cloud,1
B3,1,453,0.5111,0.4311,0,392.95,0,upload_cloud,1
B3,1,454,0.5396,0.4596,1,343.06,0,upload_cloud,1
B3,1,455,0.6232,0.5432,1,152.57,0,upload_cloud,1
B3,1,456,0.6909,0.6109,0,151.6,0,upload_cloud,1
B3,1,457,0.8168,0.7368,0,247.0,0,upload_cloud,1
B3,1,458,0.7009,0.6209,0,249.09,0,upload_cloud,1
B3,1,459,0.7425,0.3314,1,184.58,1,upload_cloud,1
B3,1,460,0.6312,0.3937,0,471.78,1,upload_cloud,1
B3,1,461,0.5021,0.4221,1,357.93,0,upload_cloud,1
B3,1,462,0.7211,0.4077,1,592.92,1,upload_cloud,1
B3,1,463,0.6543,0.5743,1,470.46,0,upload_cloud,1
B3,1,464,0.7586,0.6786,0,425.53,0,upload_cloud,1
B3,1,465,0.5177,0.4377,1,392.17,0,upload_cloud,1
B3,1,466,0.6055,0.5255,0,546.7,0,upload_cloud,1
B3,1,467,0.6005,0.5205,0,229.25,0,upload_cloud,1
B3,1,468,0.5266,0.4466,1,155.82,0,upload_cloud,1
B3,1,469,0.6302,0.5502,0,152.22,0,upload_cloud,1
B3,1,470,0.693,0.613,0,550.57,0,upload_cloud,1
B3,1,471,0.6917,0.6117,0,156.41,0,upload_cloud,1
B3,1,472,0.6011,0.5211,1,316.29,0,upload_cloud,1
B3,1,473,0.6186,0.5386,0,165.63,0,upload_cloud,1
B3,1,474,0.6673,0.5873,1,385.72,0,upload_cloud,1
B3,1,475,0.6216,0.5416,0,432.78,0,upload_cloud,1
B3,1,476,0.5414,0.2935,1,540.63,1,upload_cloud,1
B3,1,477,0.662,0.3896,0,434.6,1,upload_cloud,1
B3,1,478,0.58,0.5,0,311.13,0,upload_cloud,1
B3,1,479,0.5018,0.4218,1,274.26,0,upload_cloud,1
B3,1,480,0.693,0.613,0,258.7,0,upload_cloud,1
B3,1,481,0.6851,0.6051,1,323.57,0,upload_cloud,1
B3,1,482,0.7415,0.3733,1,619.47,1,upload_cloud,1
B3,1,483,0.6207,0.5407,1,161.08,0,upload_cloud,1
B3,1,484,0.7209,0.3026,1,475.52,1,upload_cloud,1
B3,1,485,0.6703,0.3898,0,467.27,1,upload_cloud,1
B3,1,486,0.6474,0.5674,0,492.16,0,upload_cloud,1
B3,1,487,0.545,0.465,1,349.36,0,upload_cloud,1
B3,1,488,0.6139,0.3695,1,369.13,1,upload_cloud,1
B3,1,489,0.7493,0.4174,1,515.51,1,upload_cloud,1
B3,1,490,0.6546,0.5746,0,239.03,0,upload_cloud,1
B3,1,491,0.9142,0.8342,0,282.9,0,upload_cloud,1
B3,1,492,0.8104,0.4121,0,489.71,1,upload_cloud,1
B3,1,493,0.5028,0.4228,1,430.54,0,upload_cloud,1
B3,1,494,0.6561,0.5761,0,156.9,0,upload_cloud,1
B3,1,495,0.5204,0.4404,1,529.99,0,upload_cloud,1
B3,1,496,0.8585,0.7785,0,408.11,0,upload_cloud,1
B3,1,497,0.5333,0.4533,1,429.9,0,upload_cloud,1
B3,1,498,0.583,0.503,1,137.39,0,upload_cloud,1
B3,1,499,0.6682,0.5882,0,341.76,0,upload_cloud,1
