baseline,seed,frame_id,q_img,q_b2_init,q_b3_init,degraded,rtt_ms,retry_count,route_decision,valid,skill_invoked
Bbrisque,1,0,1.0,0.4664,0.0,0,517.16,0,upload_cloud,1,bbrisque
Bbrisque,1,1,0.9664,0.3782,0.0,1,787.65,2,upload_cloud,1,adaptive_visual_damping
Bbrisque,1,2,0.178,0.4036,0.0,1,407.54,3,fail_safe,0,adaptive_visual_damping
Bbrisque,1,3,1.0,0.4918,0.0,0,450.52,0,upload_cloud,1,bbrisque
Bbrisque,1,4,0.706,0.5528,0.0,1,619.89,1,upload_cloud,1,adaptive_visual_damping
Bbrisque,1,5,0.8156,0.434,0.0,1,504.53,2,upload_cloud,1,adaptive_visual_damping
Bbrisque,1,6,0.7216,0.2747,0.0,1,494.69,2,upload_cloud,1,adaptive_visual_damping
Bbrisque,1,7,1.0,0.6409,0.0,0,323.04,0,upload_cloud,1,bbrisque
Bbrisque,1,8,1.0,0.4016,0.0,0,236.84,0,upload_cloud,1,bbrisque
Bbrisque,1,9,1.0,0.6896,0.0,0,306.31,0,upload_cloud,1,bbrisque
Bbrisque,1,10,0.8276,0.2909,0.0,1,669.33,2,upload_cloud,1,adaptive_visual_damping
Bbrisque,1,11,0.5052,0.4442,0.0,1,487.97,2,upload_cloud,1,adaptive_visual_damping
Bbrisque,1,12,0.7596,0.5186,0.0,0,382.86,0,upload_cloud,1,bbrisque
Bbrisque,1,13,1.0,0.5219,0.0,0,379.87,0,upload_cloud,1,bbrisque
Bbrisque,1,14,0.5088,0.287,0.0,1,808.37,1,upload_cloud,1,adaptive_visual_damping
Bbrisque,1,15,0.8593,0.5053,0.0,0,429.15,0,upload_cloud,1,bbrisque
Bbrisque,1,16,0.2187,0.4853,0.0,0,405.02,3,fail_safe,0,adaptive_visual_damping
Bbrisque,1,17,1.0,0.4409,0.0,0,455.82,0,upload_cloud,1,bbrisque
Bbrisque,1,18,0.1825,0.6461,0.0,1,413.94,3,fail_safe,0,adaptive_visual_damping
Bbrisque,1,19,0.7383,0.3286,0.0,1,796.65,2,upload_cloud,1,adaptive_visual_damping
Bbrisque,1,20,0.9658,0.3543,0.0,0,597.36,0,upload_cloud,1,bbrisque
Bbrisque,1,21,0.9212,0.5468,0.0,1,450.54,1,upload_cloud,1,adaptive_visual_damping
Bbrisque,1,22,0.269,0.4554,0.0,1,407.12,3,fail_safe,0,adaptive_visual_damping
Bbrisque,1,23,0.915,0.4409,0.0,1,476.53,2,upload_cloud,1,adaptive_visual_damping
Bbrisque,1,24,1.0,0.5505,0.0,0,445.89,0,upload_cloud,1,bbrisque
Bbrisque,1,25,0.8981,0.4835,0.0,0,599.24,0,upload_cloud,1,bbrisque
Bbrisque,1,26,1.0,0.4638,0.0,0,555.12,0,upload_cloud,1,bbrisque
Bbrisque,1,27,0.8113,0.4585,0.0,1,384.54,1,upload_cloud,1,adaptive_visual_damping
Bbrisque,1,28,0.6692,0.4447,0.0,1,460.24,2,upload_cloud,1,adaptive_visual_damping
Bbrisque,1,29,0.6233,0.3285,0.0,1,821.02,2,upload_cloud,1,adaptive_visual_damping
Bbrisque,1,30,0.6009,0.3534,0.0,1,498.91,1,upload_cloud,1,adaptive_visual_damping
Bbrisque,1,31,0.7348,0.2451,0.0,1,729.14,2,upload_cloud,1,adaptive_visual_damping
Bbrisque,1,32,0.7737,0.618,0.0,1,615.17,2,upload_cloud,1,adaptive_visual_damping
Bbrisque,1,33,0.605,0.3236,0.0,1,628.62,2,upload_cloud,1,adaptive_visual_damping
Bbrisque,1,34,0.8319,0.2427,0.0,1,702.98,2,upload_cloud,1,adaptive_visual_damping
Bbrisque,1,35,0.2187,0.47,0.0,1,433.86,3,fail_safe,0,adaptive_visual_damping
Bbrisque,1,36,0.5693,0.4499,0.0,0,176.73,0,upload_cloud,1,bbrisque
Bbrisque,1,37,0.7033,0.5036,0.0,0,196.26,0,upload_cloud,1,bbrisque
Bbrisque,1,38,0.4915,0.5536,0.0,1,394.6,3,fail_safe,0,adaptive_visual_damping
Bbrisque,1,39,0.5969,0.5806,0.0,1,566.34,1,upload_cloud,1,adaptive_visual_damping
Bbrisque,1,40,1.0,0.486,0.0,0,173.29,0,upload_cloud,1,bbrisque
Bbrisque,1,41,1.0,0.4341,0.0,1,859.24,2,upload_cloud,1,adaptive_visual_damping
Bbrisque,1,42,1.0,0.5339,0.0,1,865.63,2,upload_cloud,1,adaptive_visual_damping
Bbrisque,1,43,1.0,0.6154,0.0,0,346.39,0,upload_cloud,1,bbrisque
Bbrisque,1,44,0.5337,0.2044,0.0,1,654.98,1,upload_cloud,1,adaptive_visual_damping
Bbrisque,1,45,0.5596,0.4485,0.0,0,519.18,0,upload_cloud,1,bbrisque
Bbrisque,1,46,1.0,0.5,0.0,0,358.05,0,upload_cloud,1,bbrisque
Bbrisque,1,47,0.769,0.408,0.0,0,179.46,0,upload_cloud,1,bbrisque
Bbrisque,1,48,0.9916,0.5558,0.0,0,513.3,0,upload_cloud,1,bbrisque
Bbrisque,1,49,1.0,0.5116,0.0,0,369.16,0,upload_cloud,1,bbrisque
Bbrisque,1,50,1.0,0.5398,0.0,1,788.21,2,upload_cloud,1,adaptive_visual_damping
Bbrisque,1,51,1.0,0.612,0.0,0,415.9,0,upload_cloud,1,bbrisque
Bbrisque,1,52,0.6029,0.4092,0.0,1,756.96,2,upload_cloud,1,adaptive_visual_damping
Bbrisque,1,53,1.0,0.5634,0.0,0,400.17,0,upload_cloud,1,bbrisque
Bbrisque,1,54,0.6644,0.4242,0.0,0,219.96,0,upload_cloud,1,bbrisque
Bbrisque,1,55,0.8927,0.5266,0.0,0,441.32,0,upload_cloud,1,bbrisque
Bbrisque,1,56,1.0,0.4064,0.0,0,624.15,0,upload_cloud,1,bbrisque
Bbrisque,1,57,1.0,0.6019,0.0,0,354.37,0,upload_cloud,1,bbrisque
Bbrisque,1,58,0.3151,0.4397,0.0,1,452.39,3,fail_safe,0,adaptive_visual_damping
Bbrisque,1,59,1.0,0.4479,0.0,1,670.38,2,upload_cloud,1,adaptive_visual_damping
Bbrisque,1,60,0.9828,0.4266,0.0,0,430.56,0,upload_cloud,1,bbrisque
Bbrisque,1,61,0.8442,0.7064,0.0,1,696.81,1,upload_cloud,1,adaptive_visual_damping
Bbrisque,1,62,1.0,0.5455,0.0,0,456.89,0,upload_cloud,1,bbrisque
Bbrisque,1,63,0.9822,0.6096,0.0,1,868.5,2,upload_cloud,1,adaptive_visual_damping
Bbrisque,1,64,0.7186,0.6267,0.0,1,407.14,1,upload_cloud,1,adaptive_visual_damping
Bbrisque,1,65,1.0,0.5881,0.0,0,412.32,0,upload_cloud,1,bbrisque
Bbrisque,1,66,0.1638,0.5461,0.0,1,440.05,3,fail_safe,0,adaptive_visual_damping
Bbrisque,1,67,0.4205,0.4058,0.0,1,438.47,3,fail_safe,0,adaptive_visual_damping
Bbrisque,1,68,1.0,0.7758,0.0,0,308.48,0,upload_cloud,1,bbrisque
Bbrisque,1,69,1.0,0.534,0.0,0,500.77,0,upload_cloud,1,bbrisque
Bbrisque,1,70,0.7703,0.5104,0.0,1,811.77,2,upload_cloud,1,adaptive_visual_damping
Bbrisque,1,71,0.9191,0.4469,0.0,1,750.27,2,upload_cloud,1,adaptive_visual_damping
Bbrisque,1,72,1.0,0.465,0.0,1,885.94,2,upload_cloud,1,adaptive_visual_damping
Bbrisque,1,73,1.0,0.7393,0.0,0,533.49,0,upload_cloud,1,bbrisque
Bbrisque,1,74,0.6572,0.6484,0.0,1,769.92,2,upload_cloud,1,adaptive_visual_damping
Bbrisque,1,75,0.4455,0.4478,0.0,1,367.64,3,fail_safe,0,adaptive_visual_damping
Bbrisque,1,76,1.0,0.3888,0.0,1,703.99,2,upload_cloud,1,adaptive_visual_damping
Bbrisque,1,77,0.2528,0.3642,0.0,1,428.26,3,fail_safe,0,adaptive_visual_damping
Bbrisque,1,78,0.8924,0.5811,0.0,0,211.29,0,upload_cloud,1,bbrisque
Bbrisque,1,79,0.5952,0.5003,0.0,1,404.17,1,upload_cloud,1,adaptive_visual_damping
Bbrisque,1,80,0.943,0.5443,0.0,1,445.22,2,upload_cloud,1,adaptive_visual_damping
Bbrisque,1,81,0.9953,0.1909,0.0,1,786.09,2,upload_cloud,1,adaptive_visual_damping
Bbrisque,1,82,0.8816,0.552,0.0,1,902.15,2,upload_cloud,1,adaptive_visual_damping
Bbrisque,1,83,0.0719,0.5689,0.0,1,473.04,3,fail_safe,0,adaptive_visual_damping
Bbrisque,1,84,0.9301,0.4153,0.0,1,853.97,2,upload_cloud,1,adaptive_visual_damping
Bbrisque,1,85,1.0,0.4834,0.0,1,750.05,2,upload_cloud,1,adaptive_visual_damping
Bbrisque,1,86,0.2018,0.3309,0.0,0,425.61,3,fail_safe,0,adaptive_visual_damping
Bbrisque,1,87,1.0,0.4068,0.0,1,884.86,2,upload_cloud,1,adaptive_visual_damping
Bbrisque,1,88,0.7979,0.2542,0.0,1,798.17,2,upload_cloud,1,adaptive_visual_damping
Bbrisque,1,89,0.9304,0.4704,0.0,0,537.63,0,upload_cloud,1,bbrisque
Bbrisque,1,90,0.5806,0.5161,0.0,1,919.99,2,upload_cloud,1,adaptive_visual_damping
Bbrisque,1,91,0.7253,0.3614,0.0,1,708.89,2,upload_cloud,1,adaptive_visual_damping
Bbrisque,1,92,0.6324,0.2862,0.0,0,584.62,0,upload_cloud,1,bbrisque
Bbrisque,1,93,0.565,0.3206,0.0,1,667.87,1,upload_cloud,1,adaptive_visual_damping
Bbrisque,1,94,0.73,0.3053,0.0,1,509.72,1,upload_cloud,1,adaptive_visual_damping
Bbrisque,1,95,1.0,0.6554,0.0,0,231.38,0,upload_cloud,1,bbrisque
Bbrisque,1,96,1.0,0.6119,0.0,0,261.04,0,upload_cloud,1,bbrisque
Bbrisque,1,97,1.0,0.7617,0.0,0,485.41,0,upload_cloud,1,bbrisque
Bbrisque,1,98,0.6697,0.3447,0.0,1,645.46,1,upload_cloud,1,adaptive_visual_damping
Bbrisque,1,99,0.9351,0.22,0.0,1,668.06,2,upload_cloud,1,adaptive_visual_damping
Bbrisque,1,100,0.7668,0.2879,0.0,0,397.09,0,upload_cloud,1,bbrisque
Bbrisque,1,101,0.9875,0.48,0.0,1,642.22,1,upload_cloud,1,adaptive_visual_damping
Bbrisque,1,102,1.0,0.6595,0.0,0,574.87,0,upload_cloud,1,bbrisque
Bbrisque,1,103,0.9089,0.5793,0.0,0,277.48,0,upload_cloud,1,bbrisque
Bbrisque,1,104,1.0,0.7169,0.0,0,317.65,0,upload_cloud,1,bbrisque
Bbrisque,1,105,0.886,0.5687,0.0,1,547.58,2,upload_cloud,1,adaptive_visual_damping
Bbrisque,1,106,0.8823,0.4128,0.0,0,456.07,0,upload_cloud,1,bbrisque
Bbrisque,1,107,0.6528,0.429,0.0,1,437.34,2,upload_cloud,1,adaptive_visual_damping
Bbrisque,1,108,0.1648,0.5256,0.0,0,423.39,3,fail_safe,0,adaptive_visual_damping
Bbrisque,1,109,0.796,0.4928,0.0,0,308.56,0,upload_cloud,1,bbrisque
Bbrisque,1,110,1.0,0.4702,0.0,0,489.43,0,upload_cloud,1,bbrisque
Bbrisque,1,111,1.0,0.448,0.0,1,592.18,2,upload_cloud,1,adaptive_visual_damping
Bbrisque,1,112,1.0,0.5742,0.0,0,459.41,0,upload_cloud,1,bbrisque
Bbrisque,1,113,0.5685,0.3096,0.0,1,362.49,1,upload_cloud,1,adaptive_visual_damping
Bbrisque,1,114,1.0,0.5371,0.0,0,601.87,0,upload_cloud,1,bbrisque
Bbrisque,1,115,0.6019,0.2058,0.0,1,513.5,1,upload_cloud,1,adaptive_visual_damping
Bbrisque,1,116,0.9716,0.2373,0.0,0,427.4,0,upload_cloud,1,bbrisque
Bbrisque,1,117,0.601,0.5195,0.0,0,353.82,0,upload_cloud,1,bbrisque
Bbrisque,1,118,0.7294,0.4715,0.0,1,681.52,2,upload_cloud,1,adaptive_visual_damping
Bbrisque,1,119,0.6482,0.2179,0.0,1,496.91,1,upload_cloud,1,adaptive_visual_damping
Bbrisque,1,120,0.3307,0.3756,0.0,1,451.64,3,fail_safe,0,adaptive_visual_damping
Bbrisque,1,121,0.8726,0.4136,0.0,0,375.41,0,upload_cloud,1,bbrisque
Bbrisque,1,122,0.6558,0.4022,0.0,1,678.77,2,upload_cloud,1,adaptive_visual_damping
Bbrisque,1,123,0.5126,0.4242,0.0,1,556.52,1,upload_cloud,1,adaptive_visual_damping
Bbrisque,1,124,0.6406,0.4388,0.0,1,453.75,1,upload_cloud,1,adaptive_visual_damping
Bbrisque,1,125,0.8285,0.4539,0.0,0,514.83,0,upload_cloud,1,bbrisque
Bbrisque,1,126,0.2202,0.6303,0.0,0,423.97,3,fail_safe,0,adaptive_visual_damping
Bbrisque,1,127,1.0,0.5451,0.0,0,639.49,0,upload_cloud,1,bbrisque
Bbrisque,1,128,0.688,0.2491,0.0,1,547.59,1,upload_cloud,1,adaptive_visual_damping
Bbrisque,1,129,1.0,0.7724,0.0,0,625.99,0,upload_cloud,1,bbrisque
Bbrisque,1,130,0.772,0.2646,0.0,1,495.81,2,upload_cloud,1,adaptive_visual_damping
Bbrisque,1,131,0.4355,0.4101,0.0,1,415.88,3,fail_safe,0,adaptive_visual_damping
Bbrisque,1,132,0.0,0.2879,0.0,1,416.95,3,fail_safe,0,adaptive_visual_damping
Bbrisque,1,133,0.9909,0.563,0.0,1,888.45,2,upload_cloud,1,adaptive_visual_damping
Bbrisque,1,134,1.0,0.6826,0.0,0,646.62,0,upload_cloud,1,bbrisque
Bbrisque,1,135,1.0,0.5508,0.0,0,328.91,0,upload_cloud,1,bbrisque
Bbrisque,1,136,0.6897,0.4557,0.0,0,467.36,0,upload_cloud,1,bbrisque
Bbrisque,1,137,0.9356,0.3957,0.0,1,477.77,2,upload_cloud,1,adaptive_visual_damping
Bbrisque,1,138,0.6982,0.516,0.0,1,852.78,2,upload_cloud,1,adaptive_visual_damping
Bbrisque,1,139,0.5815,0.5798,0.0,1,689.51,2,upload_cloud,1,adaptive_visual_damping
Bbrisque,1,140,0.9789,0.2262,0.0,1,782.28,2,upload_cloud,1,adaptive_visual_damping
Bbrisque,1,141,0.8823,0.4024,0.0,0,430.54,0,upload_cloud,1,bbrisque
Bbrisque,1,142,0.7962,0.2889,0.0,1,591.1,2,upload_cloud,1,adaptive_visual_damping
Bbrisque,1,143,1.0,0.6172,0.0,0,127.31,0,upload_cloud,1,bbrisque
Bbrisque,1,144,1.0,0.6366,0.0,0,255.38,0,upload_cloud,1,bbrisque
Bbrisque,1,145,0.9951,0.3784,0.0,0,487.7,0,upload_cloud,1,bbrisque
Bbrisque,1,146,0.8895,0.2772,0.0,0,298.28,0,upload_cloud,1,bbrisque
Bbrisque,1,147,1.0,0.5075,0.0,0,259.36,0,upload_cloud,1,bbrisque
Bbrisque,1,148,0.8059,0.332,0.0,1,730.79,2,upload_cloud,1,adaptive_visual_damping
Bbrisque,1,149,1.0,0.5652,0.0,0,618.33,0,upload_cloud,1,bbrisque
Bbrisque,1,150,1.0,0.4995,0.0,0,616.26,0,upload_cloud,1,bbrisque
Bbrisque,1,151,0.5799,0.4632,0.0,1,479.38,2,upload_cloud,1,adaptive_visual_damping
Bbrisque,1,152,1.0,0.722,0.0,0,414.0,0,upload_cloud,1,bbrisque
Bbrisque,1,153,1.0,0.5191,0.0,1,497.68,1,upload_cloud,1,adaptive_visual_damping
Bbrisque,1,154,0.9756,0.5026,0.0,1,852.22,2,upload_cloud,1,adaptive_visual_damping
Bbrisque,1,155,1.0,0.8152,0.0,0,613.46,0,upload_cloud,1,bbrisque
Bbrisque,1,156,0.8776,0.4829,0.0,1,730.67,2,upload_cloud,1,adaptive_visual_damping
Bbrisque,1,157,0.8649,0.5729,0.0,1,944.96,2,upload_cloud,1,adaptive_visual_damping
Bbrisque,1,158,0.7698,0.551,0.0,1,572.72,1,upload_cloud,1,adaptive_visual_damping
Bbrisque,1,159,0.753,0.5196,0.0,1,636.83,1,upload_cloud,1,adaptive_visual_damping
Bbrisque,1,160,1.0,0.6404,0.0,0,432.42,0,upload_cloud,1,bbrisque
Bbrisque,1,161,1.0,0.4973,0.0,0,634.76,0,upload_cloud,1,bbrisque
Bbrisque,1,162,0.837,0.3773,0.0,0,187.47,0,upload_cloud,1,bbrisque
Bbrisque,1,163,1.0,0.515,0.0,1,859.23,2,upload_cloud,1,adaptive_visual_damping
Bbrisque,1,164,1.0,0.7634,0.0,0,577.1,0,upload_cloud,1,bbrisque
Bbrisque,1,165,0.8509,0.5978,0.0,0,366.13,0,upload_cloud,1,bbrisque
Bbrisque,1,166,1.0,0.4756,0.0,1,569.79,2,upload_cloud,1,adaptive_visual_damping
Bbrisque,1,167,1.0,0.5624,0.0,0,651.16,0,upload_cloud,1,bbrisque
Bbrisque,1,168,0.693,0.289,0.0,0,418.26,0,upload_cloud,1,bbrisque
Bbrisque,1,169,1.0,0.6933,0.0,0,238.16,0,upload_cloud,1,bbrisque
Bbrisque,1,170,1.0,0.6238,0.0,0,160.2,0,upload_cloud,1,bbrisque
Bbrisque,1,171,0.638,0.522,0.0,0,564.06,0,upload_cloud,1,bbrisque
Bbrisque,1,172,1.0,0.3365,0.0,0,198.89,0,upload_cloud,1,bbrisque
Bbrisque,1,173,1.0,0.4059,0.0,0,283.63,0,upload_cloud,1,bbrisque
Bbrisque,1,174,1.0,0.579,0.0,0,648.82,0,upload_cloud,1,bbrisque
Bbrisque,1,175,1.0,0.5599,0.0,0,396.46,0,upload_cloud,1,bbrisque
Bbrisque,1,176,0.5037,0.4009,0.0,1,388.51,2,upload_cloud,1,adaptive_visual_damping
Bbrisque,1,177,1.0,0.5369,0.0,0,549.08,0,upload_cloud,1,bbrisque
Bbrisque,1,178,0.892,0.2627,0.0,0,541.71,0,upload_cloud,1,bbrisque
Bbrisque,1,179,1.0,0.6147,0.0,0,500.88,0,upload_cloud,1,bbrisque
Bbrisque,1,180,0.1982,0.542,0.0,1,448.71,3,fail_safe,0,adaptive_visual_damping
Bbrisque,1,181,0.749,0.3801,0.0,1,564.6,1,upload_cloud,1,adaptive_visual_damping
Bbrisque,1,182,1.0,0.3661,0.0,0,408.28,0,upload_cloud,1,bbrisque
Bbrisque,1,183,0.3807,0.623,0.0,1,401.83,3,fail_safe,0,adaptive_visual_damping
Bbrisque,1,184,0.6061,0.3422,0.0,1,312.62,1,upload_cloud,1,adaptive_visual_damping
Bbrisque,1,185,0.8217,0.5397,0.0,0,610.37,0,upload_cloud,1,bbrisque
Bbrisque,1,186,0.553,0.5374,0.0,1,463.2,2,upload_cloud,1,adaptive_visual_damping
Bbrisque,1,187,0.2058,0.475,0.0,0,443.98,3,fail_safe,0,adaptive_visual_damping
Bbrisque,1,188,0.511,0.5772,0.0,1,446.69,1,upload_cloud,1,adaptive_visual_damping
Bbrisque,1,189,1.0,0.5247,0.0,0,393.83,0,upload_cloud,1,bbrisque
Bbrisque,1,190,0.8427,0.3648,0.0,1,483.07,2,upload_cloud,1,adaptive_visual_damping
Bbrisque,1,191,1.0,0.5085,0.0,0,401.6,0,upload_cloud,1,bbrisque
Bbrisque,1,192,1.0,0.3823,0.0,0,452.22,0,upload_cloud,1,bbrisque
Bbrisque,1,193,1.0,0.2943,0.0,0,430.34,0,upload_cloud,1,bbrisque
Bbrisque,1,194,0.9697,0.5022,0.0,0,538.01,0,upload_cloud,1,bbrisque
Bbrisque,1,195,1.0,0.3876,0.0,0,169.38,0,upload_cloud,1,bbrisque
Bbrisque,1,196,0.8973,0.5021,0.0,1,486.36,1,upload_cloud,1,adaptive_visual_damping
Bbrisque,1,197,0.7965,0.5551,0.0,0,392.27,0,upload_cloud,1,bbrisque
Bbrisque,1,198,1.0,0.6758,0.0,0,360.41,0,upload_cloud,1,bbrisque
Bbrisque,1,199,1.0,0.6718,0.0,0,287.03,0,upload_cloud,1,bbrisque
Bbrisque,1,200,1.0,0.6424,0.0,0,612.28,0,upload_cloud,1,bbrisque
Bbrisque,1,201,0.7317,0.2976,0.0,1,528.33,1,upload_cloud,1,adaptive_visual_damping
Bbrisque,1,202,0.1284,0.4799,0.0,1,410.29,3,fail_safe,0,adaptive_visual_damping
Bbrisque,1,203,0.8592,0.4377,0.0,0,510.0,0,upload_cloud,1,bbrisque
Bbrisque,1,204,0.839,0.3364,0.0,0,162.54,0,upload_cloud,1,bbrisque
Bbrisque,1,205,0.5413,0.484,0.0,1,291.38,1,upload_cloud,1,adaptive_visual_damping
Bbrisque,1,206,0.8955,0.5945,0.0,1,558.68,2,upload_cloud,1,adaptive_visual_damping
Bbrisque,1,207,0.8438,0.5759,0.0,1,368.97,1,upload_cloud,1,adaptive_visual_damping
Bbrisque,1,208,0.9251,0.4224,0.0,1,910.75,2,upload_cloud,1,adaptive_visual_damping
Bbrisque,1,209,0.6493,0.5345,0.0,1,633.79,2,upload_cloud,1,adaptive_visual_damping
Bbrisque,1,210,1.0,0.6212,0.0,0,585.7,0,upload_cloud,1,bbrisque
Bbrisque,1,211,0.2656,0.2789,0.0,1,437.98,3,fail_safe,0,adaptive_visual_damping
Bbrisque,1,212,1.0,0.6071,0.0,0,211.95,0,upload_cloud,1,bbrisque
Bbrisque,1,213,1.0,0.6732,0.0,0,361.42,0,upload_cloud,1,bbrisque
Bbrisque,1,214,1.0,0.8242,0.0,0,296.79,0,upload_cloud,1,bbrisque
Bbrisque,1,215,0.9453,0.4308,0.0,0,402.15,0,upload_cloud,1,bbrisque
Bbrisque,1,216,1.0,0.6448,0.0,0,599.36,0,upload_cloud,1,bbrisque
Bbrisque,1,217,1.0,0.5452,0.0,0,282.75,0,upload_cloud,1,bbrisque
Bbrisque,1,218,1.0,0.4137,0.0,0,474.8,0,upload_cloud,1,bbrisque
Bbrisque,1,219,0.7472,0.2098,0.0,1,438.08,2,upload_cloud,1,adaptive_visual_damping
Bbrisque,1,220,1.0,0.4906,0.0,1,691.36,2,upload_cloud,1,adaptive_visual_damping
Bbrisque,1,221,1.0,0.6027,0.0,0,594.25,0,upload_cloud,1,bbrisque
Bbrisque,1,222,1.0,0.3565,0.0,0,577.73,0,upload_cloud,1,bbrisque
Bbrisque,1,223,1.0,0.5257,0.0,0,305.28,0,upload_cloud,1,bbrisque
Bbrisque,1,224,1.0,0.6336,0.0,0,261.07,0,upload_cloud,1,bbrisque
Bbrisque,1,225,1.0,0.2817,0.0,1,452.42,2,upload_cloud,1,adaptive_visual_damping
Bbrisque,1,226,0.9325,0.3904,0.0,1,589.75,2,upload_cloud,1,adaptive_visual_damping
Bbrisque,1,227,1.0,0.469,0.0,0,561.54,0,upload_cloud,1,bbrisque
Bbrisque,1,228,0.7085,0.2471,0.0,1,593.18,2,upload_cloud,1,adaptive_visual_damping
Bbrisque,1,229,1.0,0.4995,0.0,0,327.74,0,upload_cloud,1,bbrisque
Bbrisque,1,230,0.901,0.3116,0.0,0,604.01,0,upload_cloud,1,bbrisque
Bbrisque,1,231,1.0,0.5833,0.0,0,286.6,0,upload_cloud,1,bbrisque
Bbrisque,1,232,0.8137,0.4298,0.0,1,351.57,1,upload_cloud,1,adaptive_visual_damping
Bbrisque,1,233,0.683,0.4941,0.0,0,277.2,0,upload_cloud,1,bbrisque
Bbrisque,1,234,0.5123,0.4096,0.0,1,577.01,1,upload_cloud,1,adaptive_visual_damping
Bbrisque,1,235,1.0,0.5172,0.0,0,206.64,0,upload_cloud,1,bbrisque
Bbrisque,1,236,0.3831,0.4502,0.0,0,424.66,3,fail_safe,0,adaptive_visual_damping
Bbrisque,1,237,0.3615,0.5477,0.0,1,423.73,3,fail_safe,0,adaptive_visual_damping
Bbrisque,1,238,0.7405,0.4133,0.0,1,551.84,2,upload_cloud,1,adaptive_visual_damping
Bbrisque,1,239,1.0,0.5164,0.0,0,425.3,0,upload_cloud,1,bbrisque
Bbrisque,1,240,0.0,0.4054,0.0,1,382.53,3,fail_safe,0,adaptive_visual_damping
Bbrisque,1,241,1.0,0.5991,0.0,0,301.45,0,upload_cloud,1,bbrisque
Bbrisque,1,242,0.1291,0.3593,0.0,1,451.22,3,fail_safe,0,adaptive_visual_damping
Bbrisque,1,243,1.0,0.646,0.0,0,167.2,0,upload_cloud,1,bbrisque
Bbrisque,1,244,0.8093,0.4934,0.0,1,774.06,2,upload_cloud,1,adaptive_visual_damping
Bbrisque,1,245,0.9182,0.4085,0.0,1,807.13,2,upload_cloud,1,adaptive_visual_damping
Bbrisque,1,246,0.4758,0.2342,0.0,1,427.01,3,fail_safe,0,adaptive_visual_damping
Bbrisque,1,247,1.0,0.6495,0.0,0,367.79,0,upload_cloud,1,bbrisque
Bbrisque,1,248,1.0,0.3046,0.0,1,733.67,2,upload_cloud,1,adaptive_visual_damping
Bbrisque,1,249,0.7188,0.256,0.0,1,504.89,1,upload_cloud,1,adaptive_visual_damping
Bbrisque,1,250,1.0,0.3576,0.0,0,334.03,0,upload_cloud,1,bbrisque
Bbrisque,1,251,0.6977,0.462,0.0,0,407.19,0,upload_cloud,1,bbrisque
Bbrisque,1,252,1.0,0.5883,0.0,0,552.78,0,upload_cloud,1,bbrisque
Bbrisque,1,253,0.4287,0.5161,0.0,0,382.65,3,fail_safe,0,adaptive_visual_damping
Bbrisque,1,254,1.0,0.5096,0.0,0,237.83,0,upload_cloud,1,bbrisque
Bbrisque,1,255,0.895,0.4705,0.0,0,178.23,0,upload_cloud,1,bbrisque
Bbrisque,1,256,0.7803,0.3861,0.0,1,606.26,2,upload_cloud,1,adaptive_visual_damping
Bbrisque,1,257,0.7005,0.507,0.0,0,292.16,0,upload_cloud,1,bbrisque
Bbrisque,1,258,1.0,0.528,0.0,0,336.14,0,upload_cloud,1,bbrisque
Bbrisque,1,259,1.0,0.5813,0.0,0,251.32,0,upload_cloud,1,bbrisque
Bbrisque,1,260,0.6425,0.285,0.0,1,850.54,2,upload_cloud,1,adaptive_visual_damping
Bbrisque,1,261,1.0,0.4833,0.0,0,325.14,0,upload_cloud,1,bbrisque
Bbrisque,1,262,1.0,0.6322,0.0,0,465.41,0,upload_cloud,1,bbrisque
Bbrisque,1,263,1.0,0.43,0.0,0,595.24,0,upload_cloud,1,bbrisque
Bbrisque,1,264,0.6566,0.455,0.0,1,627.11,2,upload_cloud,1,adaptive_visual_damping
Bbrisque,1,265,0.3529,0.4445,0.0,1,396.1,3,fail_safe,0,adaptive_visual_damping
Bbrisque,1,266,0.6116,0.4736,0.0,0,265.52,0,upload_cloud,1,bbrisque
Bbrisque,1,267,0.8421,0.5233,0.0,0,374.88,0,upload_cloud,1,bbrisque
Bbrisque,1,268,1.0,0.5291,0.0,0,306.55,0,upload_cloud,1,bbrisque
Bbrisque,1,269,0.5441,0.3775,0.0,1,621.81,1,upload_cloud,1,adaptive_visual_damping
Bbrisque,1,270,0.9006,0.5994,0.0,1,725.85,1,upload_cloud,1,adaptive_visual_damping
Bbrisque,1,271,0.6553,0.5086,0.0,1,436.58,1,upload_cloud,1,adaptive_visual_damping
Bbrisque,1,272,1.0,0.4866,0.0,0,479.22,0,upload_cloud,1,bbrisque
Bbrisque,1,273,1.0,0.401,0.0,0,610.1,0,upload_cloud,1,bbrisque
Bbrisque,1,274,0.5633,0.404,0.0,1,824.06,2,upload_cloud,1,adaptive_visual_damping
Bbrisque,1,275,1.0,0.6548,0.0,0,478.87,0,upload_cloud,1,bbrisque
Bbrisque,1,276,0.8824,0.4201,0.0,1,493.63,2,upload_cloud,1,adaptive_visual_damping
Bbrisque,1,277,0.9725,0.3572,0.0,1,856.85,2,upload_cloud,1,adaptive_visual_damping
Bbrisque,1,278,1.0,0.5303,0.0,0,145.13,0,upload_cloud,1,bbrisque
Bbrisque,1,279,0.1657,0.5552,0.0,0,478.0,3,fail_safe,0,adaptive_visual_damping
Bbrisque,1,280,0.5569,0.6182,0.0,1,527.83,1,upload_cloud,1,adaptive_visual_damping
Bbrisque,1,281,0.5197,0.3523,0.0,1,467.05,1,upload_cloud,1,adaptive_visual_damping
Bbrisque,1,282,0.1629,0.6625,0.0,0,459.56,3,fail_safe,0,adaptive_visual_damping
Bbrisque,1,283,0.8572,0.5048,0.0,0,207.92,0,upload_cloud,1,bbrisque
Bbrisque,1,284,0.734,0.5816,0.0,0,538.57,0,upload_cloud,1,bbrisque
Bbrisque,1,285,1.0,0.5311,0.0,0,338.95,0,upload_cloud,1,bbrisque
Bbrisque,1,286,0.9121,0.4871,0.0,1,474.09,2,upload_cloud,1,adaptive_visual_damping
Bbrisque,1,287,1.0,0.4633,0.0,1,386.57,2,upload_cloud,1,adaptive_visual_damping
Bbrisque,1,288,0.3699,0.3491,0.0,1,394.87,3,fail_safe,0,adaptive_visual_damping
Bbrisque,1,289,0.8237,0.3187,0.0,1,768.26,1,upload_cloud,1,adaptive_visual_damping
Bbrisque,1,290,1.0,0.605,0.0,0,539.29,0,upload_cloud,1,bbrisque
Bbrisque,1,291,0.9824,0.5594,0.0,1,661.44,2,upload_cloud,1,adaptive_visual_damping
Bbrisque,1,292,1.0,0.3582,0.0,1,571.14,2,upload_cloud,1,adaptive_visual_damping
Bbrisque,1,293,0.2359,0.3262,0.0,0,406.48,3,fail_safe,0,adaptive_visual_damping
Bbrisque,1,294,0.8735,0.393,0.0,1,815.87,2,upload_cloud,1,adaptive_visual_damping
Bbrisque,1,295,1.0,0.535,0.0,0,390.29,0,upload_cloud,1,bbrisque
Bbrisque,1,296,0.2245,0.3859,0.0,1,417.82,3,fail_safe,0,adaptive_visual_damping
Bbrisque,1,297,0.6341,0.5227,0.0,0,541.62,0,upload_cloud,1,bbrisque
Bbrisque,1,298,0.7576,0.242,0.0,1,710.54,2,upload_cloud,1,adaptive_visual_damping
Bbrisque,1,299,0.9419,0.526,0.0,0,608.08,0,upload_cloud,1,bbrisque
Bbrisque,1,300,1.0,0.4202,0.0,0,589.25,0,upload_cloud,1,bbrisque
Bbrisque,1,301,0.7038,0.3396,0.0,1,785.09,2,upload_cloud,1,adaptive_visual_damping
Bbrisque,1,302,1.0,0.5693,0.0,0,245.62,0,upload_cloud,1,bbrisque
Bbrisque,1,303,0.7874,0.5755,0.0,0,351.35,0,upload_cloud,1,bbrisque
Bbrisque,1,304,0.8318,0.3337,0.0,1,818.72,2,upload_cloud,1,adaptive_visual_damping
Bbrisque,1,305,0.9465,0.3327,0.0,0,348.15,0,upload_cloud,1,bbrisque
Bbrisque,1,306,1.0,0.425,0.0,0,401.15,0,upload_cloud,1,bbrisque
Bbrisque,1,307,0.8513,0.447,0.0,1,563.73,2,upload_cloud,1,adaptive_visual_damping
Bbrisque,1,308,0.269,0.4324,0.0,0,422.29,3,fail_safe,0,adaptive_visual_damping
Bbrisque,1,309,1.0,0.765,0.0,0,190.33,0,upload_cloud,1,bbrisque
Bbrisque,1,310,0.6275,0.4645,0.0,1,422.33,1,upload_cloud,1,adaptive_visual_damping
Bbrisque,1,311,0.429,0.4296,0.0,1,413.83,3,fail_safe,0,adaptive_visual_damping
Bbrisque,1,312,0.5038,0.4268,0.0,1,576.63,1,upload_cloud,1,adaptive_visual_damping
Bbrisque,1,313,0.4598,0.383,0.0,1,403.37,3,fail_safe,0,adaptive_visual_damping
Bbrisque,1,314,0.9962,0.6181,0.0,0,267.24,0,upload_cloud,1,bbrisque
Bbrisque,1,315,0.1985,0.3336,0.0,1,441.46,3,fail_safe,0,adaptive_visual_damping
Bbrisque,1,316,1.0,0.551,0.0,1,517.43,2,upload_cloud,1,adaptive_visual_damping
Bbrisque,1,317,0.5976,0.4518,0.0,1,838.52,2,upload_cloud,1,adaptive_visual_damping
Bbrisque,1,318,1.0,0.3186,0.0,1,519.63,2,upload_cloud,1,adaptive_visual_damping
Bbrisque,1,319,0.7288,0.2012,0.0,1,602.58,1,upload_cloud,1,adaptive_visual_damping
Bbrisque,1,320,0.8953,0.4986,0.0,1,735.39,2,upload_cloud,1,adaptive_visual_damping
Bbrisque,1,321,0.3825,0.4645,0.0,1,394.63,3,fail_safe,0,adaptive_visual_damping
Bbrisque,1,322,1.0,0.5686,0.0,0,540.17,0,upload_cloud,1,bbrisque
Bbrisque,1,323,1.0,0.5432,0.0,1,609.54,2,upload_cloud,1,adaptive_visual_damping
Bbrisque,1,324,0.1661,0.434,0.0,1,379.37,3,fail_safe,0,adaptive_visual_damping
Bbrisque,1,325,0.5726,0.3843,0.0,1,630.4,2,upload_cloud,1,adaptive_visual_damping
Bbrisque,1,326,1.0,0.547,0.0,0,315.31,0,upload_cloud,1,bbrisque
Bbrisque,1,327,1.0,0.4246,0.0,0,371.55,0,upload_cloud,1,bbrisque
Bbrisque,1,328,0.8704,0.3568,0.0,0,582.11,0,upload_cloud,1,bbrisque
Bbrisque,1,329,0.525,0.5633,0.0,1,461.91,1,upload_cloud,1,adaptive_visual_damping
Bbrisque,1,330,1.0,0.6181,0.0,0,350.55,0,upload_cloud,1,bbrisque
Bbrisque,1,331,1.0,0.5891,0.0,0,457.67,0,upload_cloud,1,bbrisque
Bbrisque,1,332,0.7656,0.5995,0.0,0,377.5,0,upload_cloud,1,bbrisque
Bbrisque,1,333,0.662,0.4439,0.0,1,408.46,1,upload_cloud,1,adaptive_visual_damping
Bbrisque,1,334,1.0,0.2962,0.0,0,329.02,0,upload_cloud,1,bbrisque
Bbrisque,1,335,0.5332,0.4821,0.0,0,556.89,0,upload_cloud,1,bbrisque
Bbrisque,1,336,0.8724,0.3036,0.0,1,910.72,2,upload_cloud,1,adaptive_visual_damping
Bbrisque,1,337,1.0,0.5616,0.0,0,237.89,0,upload_cloud,1,bbrisque
Bbrisque,1,338,0.6447,0.374,0.0,0,396.62,0,upload_cloud,1,bbrisque
Bbrisque,1,339,0.6935,0.5351,0.0,0,395.5,0,upload_cloud,1,bbrisque
Bbrisque,1,340,1.0,0.6183,0.0,0,248.23,0,upload_cloud,1,bbrisque
Bbrisque,1,341,0.8705,0.6245,0.0,0,166.77,0,upload_cloud,1,bbrisque
Bbrisque,1,342,1.0,0.4529,0.0,0,459.25,0,upload_cloud,1,bbrisque
Bbrisque,1,343,0.351,0.3851,0.0,1,484.5,3,fail_safe,0,adaptive_visual_damping
Bbrisque,1,344,1.0,0.5086,0.0,1,903.08,2,upload_cloud,1,adaptive_visual_damping
Bbrisque,1,345,1.0,0.4355,0.0,0,322.87,0,upload_cloud,1,bbrisque
Bbrisque,1,346,0.8012,0.5694,0.0,1,621.93,1,upload_cloud,1,adaptive_visual_damping
Bbrisque,1,347,1.0,0.4353,0.0,0,361.66,0,upload_cloud,1,bbrisque
Bbrisque,1,348,0.6281,0.4165,0.0,0,410.46,0,upload_cloud,1,bbrisque
Bbrisque,1,349,0.4266,0.3985,0.0,1,370.26,3,fail_safe,0,adaptive_visual_damping
Bbrisque,1,350,1.0,0.662,0.0,0,458.31,0,upload_cloud,1,bbrisque
Bbrisque,1,351,1.0,0.5828,0.0,0,468.14,0,upload_cloud,1,bbrisque
Bbrisque,1,352,0.8748,0.4491,0.0,1,676.12,2,upload_cloud,1,adaptive_visual_damping
Bbrisque,1,353,1.0,0.7336,0.0,0,579.32,0,upload_cloud,1,bbrisque
Bbrisque,1,354,0.6248,0.5223,0.0,1,313.86,1,upload_cloud,1,adaptive_visual_damping
Bbrisque,1,355,0.886,0.5049,0.0,0,562.88,0,upload_cloud,1,bbrisque
Bbrisque,1,356,1.0,0.5549,0.0,0,310.25,0,upload_cloud,1,bbrisque
Bbrisque,1,357,1.0,0.5613,0.0,0,619.6,0,upload_cloud,1,bbrisque
Bbrisque,1,358,0.3003,0.4861,0.0,1,451.59,3,fail_safe,0,adaptive_visual_damping
Bbrisque,1,359,0.4855,0.2338,0.0,1,428.5,3,fail_safe,0,adaptive_visual_damping
Bbrisque,1,360,1.0,0.5716,0.0,0,396.29,0,upload_cloud,1,bbrisque
Bbrisque,1,361,1.0,0.4293,0.0,0,507.95,0,upload_cloud,1,bbrisque
Bbrisque,1,362,0.551,0.4499,0.0,0,633.11,0,upload_cloud,1,bbrisque
Bbrisque,1,363,0.9958,0.5857,0.0,0,421.87,0,upload_cloud,1,bbrisque
Bbrisque,1,364,1.0,0.6079,0.0,0,301.97,0,upload_cloud,1,bbrisque
Bbrisque,1,365,0.717,0.5021,0.0,1,722.57,1,upload_cloud,1,adaptive_visual_damping
Bbrisque,1,366,1.0,0.5381,0.0,0,171.07,0,upload_cloud,1,bbrisque
Bbrisque,1,367,0.3423,0.3788,0.0,1,406.4,3,fail_safe,0,adaptive_visual_damping
Bbrisque,1,368,0.5508,0.3606,0.0,1,595.41,2,upload_cloud,1,adaptive_visual_damping
Bbrisque,1,369,1.0,0.6836,0.0,0,528.16,0,upload_cloud,1,bbrisque
Bbrisque,1,370,1.0,0.5155,0.0,0,594.28,0,upload_cloud,1,bbrisque
Bbrisque,1,371,0.6976,0.5306,0.0,1,729.06,2,upload_cloud,1,adaptive_visual_damping
Bbrisque,1,372,0.9583,0.5452,0.0,0,586.25,0,upload_cloud,1,bbrisque
Bbrisque,1,373,0.6121,0.4997,0.0,0,520.91,0,upload_cloud,1,bbrisque
Bbrisque,1,374,1.0,0.5947,0.0,0,311.16,0,upload_cloud,1,bbrisque
Bbrisque,1,375,0.5591,0.4737,0.0,1,672.69,2,upload_cloud,1,adaptive_visual_damping
Bbrisque,1,376,0.6623,0.4655,0.0,1,795.2,2,upload_cloud,1,adaptive_visual_damping
Bbrisque,1,377,0.5341,0.4745,0.0,1,675.09,1,upload_cloud,1,adaptive_visual_damping
Bbrisque,1,378,1.0,0.264,0.0,1,728.04,2,upload_cloud,1,adaptive_visual_damping
Bbrisque,1,379,1.0,0.479,0.0,0,524.07,0,upload_cloud,1,bbrisque
Bbrisque,1,380,0.5886,0.5039,0.0,1,659.56,2,upload_cloud,1,adaptive_visual_damping
Bbrisque,1,381,1.0,0.4785,0.0,0,630.36,0,upload_cloud,1,bbrisque
Bbrisque,1,382,1.0,0.6826,0.0,0,334.0,0,upload_cloud,1,bbrisque
Bbrisque,1,383,0.8549,0.4135,0.0,1,709.32,2,upload_cloud,1,adaptive_visual_damping
Bbrisque,1,384,1.0,0.5287,0.0,0,166.2,0,upload_cloud,1,bbrisque
Bbrisque,1,385,0.6809,0.4901,0.0,0,432.98,0,upload_cloud,1,bbrisque
Bbrisque,1,386,0.6107,0.4233,0.0,1,466.29,2,upload_cloud,1,adaptive_visual_damping
Bbrisque,1,387,0.937,0.4669,0.0,0,460.4,0,upload_cloud,1,bbrisque
Bbrisque,1,388,0.2575,0.4126,0.0,1,424.14,3,fail_safe,0,adaptive_visual_damping
Bbrisque,1,389,0.7426,0.4634,0.0,0,616.14,0,upload_cloud,1,bbrisque
Bbrisque,1,390,1.0,0.4817,0.0,1,609.94,2,upload_cloud,1,adaptive_visual_damping
Bbrisque,1,391,1.0,0.5766,0.0,0,608.86,0,upload_cloud,1,bbrisque
Bbrisque,1,392,1.0,0.6254,0.0,0,221.77,0,upload_cloud,1,bbrisque
Bbrisque,1,393,1.0,0.582,0.0,1,532.45,2,upload_cloud,1,adaptive_visual_damping
Bbrisque,1,394,0.3018,0.4441,0.0,1,407.33,3,fail_safe,0,adaptive_visual_damping
Bbrisque,1,395,0.8125,0.2619,0.0,1,660.34,2,upload_cloud,1,adaptive_visual_damping
Bbrisque,1,396,1.0,0.585,0.0,1,743.92,2,upload_cloud,1,adaptive_visual_damping
Bbrisque,1,397,0.3302,0.3378,0.0,1,435.38,3,fail_safe,0,adaptive_visual_damping
Bbrisque,1,398,1.0,0.5221,0.0,0,272.29,0,upload_cloud,1,bbrisque
Bbrisque,1,399,0.5581,0.2363,0.0,1,554.6,2,upload_cloud,1,adaptive_visual_damping
Bbrisque,1,400,0.5304,0.5943,0.0,0,512.77,0,upload_cloud,1,bbrisque
Bbrisque,1,401,0.5288,0.5549,0.0,1,512.75,2,upload_cloud,1,adaptive_visual_damping
Bbrisque,1,402,1.0,0.5232,0.0,0,370.09,0,upload_cloud,1,bbrisque
Bbrisque,1,403,0.7218,0.2823,0.0,1,784.76,2,upload_cloud,1,adaptive_visual_damping
Bbrisque,1,404,0.5738,0.3695,0.0,1,490.87,0,upload_cloud,1,bbrisque
Bbrisque,1,405,0.5082,0.3938,0.0,1,324.8,1,upload_cloud,1,adaptive_visual_damping
Bbrisque,1,406,1.0,0.5359,0.0,0,519.68,0,upload_cloud,1,bbrisque
Bbrisque,1,407,1.0,0.5417,0.0,0,503.38,0,upload_cloud,1,bbrisque
Bbrisque,1,408,0.8792,0.5506,0.0,0,456.27,0,upload_cloud,1,bbrisque
Bbrisque,1,409,1.0,0.6704,0.0,0,147.74,0,upload_cloud,1,bbrisque
Bbrisque,1,410,0.8474,0.497,0.0,1,651.33,2,upload_cloud,1,adaptive_visual_damping
Bbrisque,1,411,1.0,0.7318,0.0,0,347.12,0,upload_cloud,1,bbrisque
Bbrisque,1,412,0.6164,0.6396,0.0,1,613.4,1,upload_cloud,1,adaptive_visual_damping
Bbrisque,1,413,0.9644,0.4835,0.0,1,496.95,2,upload_cloud,1,adaptive_visual_damping
Bbrisque,1,414,0.8273,0.3241,0.0,0,523.06,0,upload_cloud,1,bbrisque
Bbrisque,1,415,0.8221,0.5867,0.0,0,606.07,0,upload_cloud,1,bbrisque
Bbrisque,1,416,0.8984,0.4104,0.0,0,142.8,0,upload_cloud,1,bbrisque
Bbrisque,1,417,0.8902,0.4404,0.0,0,648.63,0,upload_cloud,1,bbrisque
Bbrisque,1,418,0.5929,0.3609,0.0,1,331.1,1,upload_cloud,1,adaptive_visual_damping
Bbrisque,1,419,1.0,0.6957,0.0,0,589.38,0,upload_cloud,1,bbrisque
Bbrisque,1,420,0.5056,0.3894,0.0,1,796.83,2,upload_cloud,1,adaptive_visual_damping
Bbrisque,1,421,0.5899,0.2188,0.0,1,375.41,1,upload_cloud,1,adaptive_visual_damping
Bbrisque,1,422,1.0,0.3753,0.0,0,416.38,0,upload_cloud,1,bbrisque
Bbrisque,1,423,0.5477,0.4147,0.0,1,433.2,1,upload_cloud,1,adaptive_visual_damping
Bbrisque,1,424,1.0,0.6323,0.0,0,508.51,0,upload_cloud,1,bbrisque
Bbrisque,1,425,0.6343,0.2957,0.0,1,457.64,2,upload_cloud,1,adaptive_visual_damping
Bbrisque,1,426,1.0,0.6401,0.0,0,577.12,0,upload_cloud,1,bbrisque
Bbrisque,1,427,0.6207,0.4468,0.0,1,684.35,1,upload_cloud,1,adaptive_visual_damping
Bbrisque,1,428,1.0,0.5376,0.0,0,193.06,0,upload_cloud,1,bbrisque
Bbrisque,1,429,0.8597,0.4514,0.0,1,640.69,2,upload_cloud,1,adaptive_visual_damping
Bbrisque,1,430,1.0,0.585,0.0,0,537.61,0,upload_cloud,1,bbrisque
Bbrisque,1,431,0.9109,0.5103,0.0,1,746.23,2,upload_cloud,1,adaptive_visual_damping
Bbrisque,1,432,1.0,0.5785,0.0,0,530.29,0,upload_cloud,1,bbrisque
Bbrisque,1,433,0.7032,0.537,0.0,0,250.88,0,upload_cloud,1,bbrisque
Bbrisque,1,434,1.0,0.3924,0.0,0,621.37,0,upload_cloud,1,bbrisque
Bbrisque,1,435,1.0,0.5963,0.0,1,495.18,2,upload_cloud,1,adaptive_visual_damping
Bbrisque,1,436,0.5744,0.4741,0.0,1,447.1,1,upload_cloud,1,adaptive_visual_damping
Bbrisque,1,437,0.1141,0.3661,0.0,0,451.34,3,fail_safe,0,adaptive_visual_damping
Bbrisque,1,438,0.5356,0.5858,0.0,1,752.15,2,upload_cloud,1,adaptive_visual_damping
Bbrisque,1,439,0.4018,0.5265,0.0,1,421.02,3,fail_safe,0,adaptive_visual_damping
Bbrisque,1,440,0.5834,0.4874,0.0,1,510.04,1,upload_cloud,1,adaptive_visual_damping
Bbrisque,1,441,0.5233,0.3954,0.0,1,736.11,2,upload_cloud,1,adaptive_visual_damping
Bbrisque,1,442,0.9459,0.6137,0.0,0,305.19,0,upload_cloud,1,bbrisque
Bbrisque,1,443,0.5461,0.305,0.0,1,379.55,1,upload_cloud,1,adaptive_visual_damping
Bbrisque,1,444,0.8854,0.3448,0.0,0,276.28,0,upload_cloud,1,bbrisque
Bbrisque,1,445,0.8445,0.401,0.0,0,571.75,0,upload_cloud,1,bbrisque
Bbrisque,1,446,1.0,0.5733,0.0,0,362.55,0,upload_cloud,1,bbrisque
Bbrisque,1,447,0.7748,0.3602,0.0,1,718.31,2,upload_cloud,1,adaptive_visual_damping
Bbrisque,1,448,0.9193,0.5132,0.0,1,589.34,2,upload_cloud,1,adaptive_visual_damping
Bbrisque,1,449,0.9865,0.3774,0.0,0,401.34,0,upload_cloud,1,bbrisque
Bbrisque,1,450,0.7461,0.5878,0.0,1,886.87,2,upload_cloud,1,adaptive_visual_damping
Bbrisque,1,451,1.0,0.7357,0.0,0,227.62,0,upload_cloud,1,bbrisque
Bbrisque,1,452,0.5663,0.4756,0.0,1,535.41,1,upload_cloud,1,adaptive_visual_damping
Bbrisque,1,453,0.6911,0.4311,0.0,0,270.59,0,upload_cloud,1,bbrisque
Bbrisque,1,454,0.8331,0.2976,0.0,1,550.73,2,upload_cloud,1,adaptive_visual_damping
Bbrisque,1,455,0.8353,0.5349,0.0,1,878.98,2,upload_cloud,1,adaptive_visual_damping
Bbrisque,1,456,1.0,0.6109,0.0,0,604.67,0,upload_cloud,1,bbrisque
Bbrisque,1,457,1.0,0.7342,0.0,0,515.64,0,upload_cloud,1,bbrisque
Bbrisque,1,458,0.8812,0.3087,0.0,0,362.45,0,upload_cloud,1,bbrisque
Bbrisque,1,459,0.5719,0.3283,0.0,1,573.89,2,upload_cloud,1,adaptive_visual_damping
Bbrisque,1,460,0.2011,0.3908,0.0,0,388.28,3,fail_safe,0,adaptive_visual_damping
Bbrisque,1,461,0.9789,0.2512,0.0,1,634.78,2,upload_cloud,1,adaptive_visual_damping
Bbrisque,1,462,0.6817,0.4077,0.0,1,669.01,1,upload_cloud,1,adaptive_visual_damping
Bbrisque,1,463,0.6231,0.5743,0.0,1,657.27,1,upload_cloud,1,adaptive_visual_damping
Bbrisque,1,464,0.7233,0.477,0.0,0,618.53,0,upload_cloud,1,bbrisque
Bbrisque,1,465,0.8315,0.2757,0.0,1,752.26,2,upload_cloud,1,adaptive_visual_damping
Bbrisque,1,466,0.5748,0.5255,0.0,0,386.43,0,upload_cloud,1,bbrisque
Bbrisque,1,467,1.0,0.5205,0.0,0,220.33,0,upload_cloud,1,bbrisque
Bbrisque,1,468,0.2776,0.5239,0.0,1,417.31,3,fail_safe,0,adaptive_visual_damping
Bbrisque,1,469,0.3055,0.4242,0.0,0,412.61,3,fail_safe,0,adaptive_visual_damping
Bbrisque,1,470,1.0,0.4412,0.0,0,495.97,0,upload_cloud,1,bbrisque
Bbrisque,1,471,1.0,0.5865,0.0,0,358.37,0,upload_cloud,1,bbrisque
Bbrisque,1,472,0.941,0.4918,0.0,1,608.08,1,upload_cloud,1,adaptive_visual_damping
Bbrisque,1,473,0.9123,0.5386,0.0,0,392.16,0,upload_cloud,1,bbrisque
Bbrisque,1,474,0.7757,0.5873,0.0,1,591.53,2,upload_cloud,1,adaptive_visual_damping
Bbrisque,1,475,1.0,0.5237,0.0,0,367.76,0,upload_cloud,1,bbrisque
Bbrisque,1,476,0.9557,0.2781,0.0,1,482.36,2,upload_cloud,1,adaptive_visual_damping
Bbrisque,1,477,1.0,0.3896,0.0,0,221.64,0,upload_cloud,1,bbrisque
Bbrisque,1,478,0.5849,0.5302,0.0,0,503.9,0,upload_cloud,1,bbrisque
Bbrisque,1,479,0.886,0.3554,0.0,1,656.11,2,upload_cloud,1,adaptive_visual_damping
Bbrisque,1,480,0.9173,0.3366,0.0,0,539.25,0,upload_cloud,1,bbrisque
Bbrisque,1,481,0.4394,0.6172,0.0,1,393.99,3,fail_safe,0,adaptive_visual_damping
Bbrisque,1,482,0.9028,0.3925,0.0,1,554.76,2,upload_cloud,1,adaptive_visual_damping
Bbrisque,1,483,0.9936,0.5431,0.0,1,484.1,2,upload_cloud,1,adaptive_visual_damping
Bbrisque,1,484,0.9213,0.2145,0.0,1,337.65,1,upload_cloud,1,adaptive_visual_damping
Bbrisque,1,485,0.9237,0.3935,0.0,0,434.56,0,upload_cloud,1,bbrisque
Bbrisque,1,486,0.929,0.5778,0.0,0,410.72,0,upload_cloud,1,bbrisque
Bbrisque,1,487,0.5039,0.484,0.0,1,407.83,1,upload_cloud,1,adaptive_visual_damping
Bbrisque,1,488,1.0,0.1934,0.0,1,612.16,2,upload_cloud,1,adaptive_visual_damping
Bbrisque,1,489,0.8661,0.4577,0.0,1,605.12,2,upload_cloud,1,adaptive_visual_damping
Bbrisque,1,490,1.0,0.5754,0.0,0,343.51,0,upload_cloud,1,bbrisque
Bbrisque,1,491,1.0,0.8131,0.0,0,315.44,0,upload_cloud,1,bbrisque
Bbrisque,1,492,1.0,0.4196,0.0,0,390.72,0,upload_cloud,1,bbrisque
Bbrisque,1,493,0.3497,0.4228,0.0,1,452.67,3,fail_safe,0,adaptive_visual_damping
Bbrisque,1,494,0.8415,0.3767,0.0,0,259.19,0,upload_cloud,1,bbrisque
Bbrisque,1,495,0.2346,0.438,0.0,1,362.44,3,fail_safe,0,adaptive_visual_damping
Bbrisque,1,496,0.8022,0.8195,0.0,0,711.37,2,upload_cloud,1,adaptive_visual_damping
Bbrisque,1,497,0.8412,0.4652,0.0,1,390.45,2,upload_cloud,1,adaptive_visual_damping
Bbrisque,1,498,0.5459,0.5625,0.0,1,772.4,2,upload_cloud,1,adaptive_visual_damping
Bbrisque,1,499,1.0,0.5941,0.0,0,583.47,0,upload_cloud,1,bbrisque
Bniqe,1,0,1.0,0.4664,0.0,0,717.03,1,upload_cloud,1,adaptive_visual_damping
Bniqe,1,1,1.0,0.3782,0.0,1,810.48,1,upload_cloud,1,adaptive_visual_damping
Bniqe,1,2,1.0,0.4036,0.0,1,1115.24,2,upload_cloud,1,adaptive_visual_damping
Bniqe,1,3,1.0,0.4918,0.0,0,246.45,0,upload_cloud,1,bniqe
Bniqe,1,4,1.0,0.5528,0.0,1,766.88,1,upload_cloud,1,adaptive_visual_damping
Bniqe,1,5,0.9855,0.434,0.0,1,674.34,1,upload_cloud,1,adaptive_visual_damping
Bniqe,1,6,1.0,0.2747,0.0,1,729.66,1,upload_cloud,1,adaptive_visual_damping
Bniqe,1,7,1.0,0.6409,0.0,0,424.67,0,upload_cloud,1,bniqe
Bniqe,1,8,1.0,0.4016,0.0,0,455.3,0,upload_cloud,1,bniqe
Bniqe,1,9,0.5227,0.6896,0.0,0,714.47,0,upload_cloud,1,bniqe
Bniqe,1,10,0.8197,0.2909,0.0,1,643.27,0,upload_cloud,1,bniqe
Bniqe,1,11,1.0,0.4442,0.0,1,798.53,1,upload_cloud,1,adaptive_visual_damping
Bniqe,1,12,1.0,0.5186,0.0,0,589.92,0,upload_cloud,1,bniqe
Bniqe,1,13,1.0,0.5219,0.0,0,648.67,0,upload_cloud,1,bniqe
Bniqe,1,14,0.8822,0.287,0.0,1,454.26,0,upload_cloud,1,bniqe
Bniqe,1,15,1.0,0.5053,0.0,0,347.59,0,upload_cloud,1,bniqe
Bniqe,1,16,1.0,0.4853,0.0,0,250.19,0,upload_cloud,1,bniqe
Bniqe,1,17,1.0,0.4409,0.0,0,668.48,0,upload_cloud,1,bniqe
Bniqe,1,18,0.9623,0.6461,0.0,1,965.43,2,upload_cloud,1,adaptive_visual_damping
Bniqe,1,19,0.6779,0.3286,0.0,1,382.17,0,upload_cloud,1,bniqe
Bniqe,1,20,1.0,0.3543,0.0,0,555.79,0,upload_cloud,1,bniqe
Bniqe,1,21,0.78,0.5468,0.0,1,275.6,0,upload_cloud,1,bniqe
Bniqe,1,22,0.2548,0.4554,0.0,1,562.96,3,fail_safe,0,adaptive_visual_damping
Bniqe,1,23,0.8481,0.4409,0.0,1,281.31,0,upload_cloud,1,bniqe
Bniqe,1,24,0.0,0.5505,0.0,0,679.25,3,fail_safe,0,adaptive_visual_damping
Bniqe,1,25,1.0,0.4835,0.0,0,606.45,0,upload_cloud,1,bniqe
Bniqe,1,26,1.0,0.4638,0.0,0,605.54,0,upload_cloud,1,bniqe
Bniqe,1,27,1.0,0.4585,0.0,1,591.28,0,upload_cloud,1,bniqe
Bniqe,1,28,0.7185,0.4447,0.0,1,468.91,0,upload_cloud,1,bniqe
Bniqe,1,29,0.4708,0.3285,0.0,1,598.48,3,fail_safe,0,adaptive_visual_damping
Bniqe,1,30,0.7547,0.3534,0.0,1,574.92,0,upload_cloud,1,bniqe
Bniqe,1,31,0.9828,0.2451,0.0,1,826.93,1,upload_cloud,1,adaptive_visual_damping
Bniqe,1,32,0.6089,0.618,0.0,1,469.47,1,upload_cloud,1,adaptive_visual_damping
Bniqe,1,33,0.8773,0.3236,0.0,1,830.97,1,upload_cloud,1,adaptive_visual_damping
Bniqe,1,34,0.7067,0.2427,0.0,1,264.28,0,upload_cloud,1,bniqe
Bniqe,1,35,0.9014,0.47,0.0,1,618.8,2,upload_cloud,1,adaptive_visual_damping
Bniqe,1,36,1.0,0.4499,0.0,0,351.81,0,upload_cloud,1,bniqe
Bniqe,1,37,1.0,0.5036,0.0,0,571.13,0,upload_cloud,1,bniqe
Bniqe,1,38,1.0,0.5536,0.0,1,726.82,1,upload_cloud,1,adaptive_visual_damping
Bniqe,1,39,0.8637,0.5806,0.0,1,401.16,0,upload_cloud,1,bniqe
Bniqe,1,40,0.578,0.486,0.0,0,673.05,0,upload_cloud,1,bniqe
Bniqe,1,41,1.0,0.4341,0.0,1,526.87,1,upload_cloud,1,adaptive_visual_damping
Bniqe,1,42,1.0,0.5339,0.0,1,827.39,1,upload_cloud,1,adaptive_visual_damping
Bniqe,1,43,0.6064,0.6154,0.0,0,832.66,1,upload_cloud,1,adaptive_visual_damping
Bniqe,1,44,0.9275,0.2044,0.0,1,676.69,0,upload_cloud,1,bniqe
Bniqe,1,45,0.583,0.4485,0.0,0,582.04,0,upload_cloud,1,bniqe
Bniqe,1,46,1.0,0.5,0.0,0,406.87,0,upload_cloud,1,bniqe
Bniqe,1,47,0.8904,0.408,0.0,0,475.18,0,upload_cloud,1,bniqe
Bniqe,1,48,0.8461,0.5558,0.0,0,843.96,1,upload_cloud,1,adaptive_visual_damping
Bniqe,1,49,1.0,0.5116,0.0,0,898.87,1,upload_cloud,1,adaptive_visual_damping
Bniqe,1,50,1.0,0.5398,0.0,1,786.2,1,upload_cloud,1,adaptive_visual_damping
Bniqe,1,51,1.0,0.612,0.0,0,364.78,0,upload_cloud,1,bniqe
Bniqe,1,52,1.0,0.4092,0.0,1,617.97,0,upload_cloud,1,bniqe
Bniqe,1,53,0.5576,0.5634,0.0,0,410.95,1,upload_cloud,1,adaptive_visual_damping
Bniqe,1,54,1.0,0.4242,0.0,0,442.05,0,upload_cloud,1,bniqe
Bniqe,1,55,1.0,0.5266,0.0,0,318.29,0,upload_cloud,1,bniqe
Bniqe,1,56,1.0,0.4064,0.0,0,528.69,0,upload_cloud,1,bniqe
Bniqe,1,57,0.9084,0.6019,0.0,0,797.09,1,upload_cloud,1,adaptive_visual_damping
Bniqe,1,58,0.5979,0.4397,0.0,1,580.64,1,upload_cloud,1,adaptive_visual_damping
Bniqe,1,59,1.0,0.4479,0.0,1,745.37,1,upload_cloud,1,adaptive_visual_damping
Bniqe,1,60,1.0,0.4266,0.0,0,296.38,0,upload_cloud,1,bniqe
Bniqe,1,61,1.0,0.7064,0.0,1,416.1,0,upload_cloud,1,bniqe
Bniqe,1,62,1.0,0.5455,0.0,0,859.35,1,upload_cloud,1,adaptive_visual_damping
Bniqe,1,63,0.8352,0.6096,0.0,1,577.13,0,upload_cloud,1,bniqe
Bniqe,1,64,1.0,0.6267,0.0,1,396.65,0,upload_cloud,1,bniqe
Bniqe,1,65,1.0,0.5881,0.0,0,649.96,1,upload_cloud,1,adaptive_visual_damping
Bniqe,1,66,0.8986,0.5461,0.0,1,1026.25,2,upload_cloud,1,adaptive_visual_damping
Bniqe,1,67,1.0,0.4058,0.0,1,687.25,2,upload_cloud,1,adaptive_visual_damping
Bniqe,1,68,0.6085,0.7758,0.0,0,601.08,1,upload_cloud,1,adaptive_visual_damping
Bniqe,1,69,1.0,0.534,0.0,0,340.66,0,upload_cloud,1,bniqe
Bniqe,1,70,0.9861,0.5104,0.0,1,630.09,1,upload_cloud,1,adaptive_visual_damping
Bniqe,1,71,1.0,0.4469,0.0,1,476.8,1,upload_cloud,1,adaptive_visual_damping
Bniqe,1,72,0.6618,0.465,0.0,1,205.63,0,upload_cloud,1,bniqe
Bniqe,1,73,1.0,0.7393,0.0,0,817.62,1,upload_cloud,1,adaptive_visual_damping
Bniqe,1,74,0.9563,0.6484,0.0,1,404.93,0,upload_cloud,1,bniqe
Bniqe,1,75,1.0,0.4478,0.0,1,516.63,1,upload_cloud,1,adaptive_visual_damping
Bniqe,1,76,1.0,0.3888,0.0,1,749.12,1,upload_cloud,1,adaptive_visual_damping
Bniqe,1,77,1.0,0.3642,0.0,1,649.02,2,upload_cloud,1,adaptive_visual_damping
Bniqe,1,78,1.0,0.5811,0.0,0,348.67,0,upload_cloud,1,bniqe
Bniqe,1,79,0.6745,0.5003,0.0,1,545.25,1,upload_cloud,1,adaptive_visual_damping
Bniqe,1,80,0.7244,0.5443,0.0,1,675.29,1,upload_cloud,1,adaptive_visual_damping
Bniqe,1,81,0.7374,0.1909,0.0,1,487.19,1,upload_cloud,1,adaptive_visual_damping
Bniqe,1,82,1.0,0.552,0.0,1,488.22,1,upload_cloud,1,adaptive_visual_damping
Bniqe,1,83,0.8541,0.5689,0.0,1,604.55,2,upload_cloud,1,adaptive_visual_damping
Bniqe,1,84,1.0,0.4153,0.0,1,332.3,0,upload_cloud,1,bniqe
Bniqe,1,85,0.6784,0.4834,0.0,1,235.96,0,upload_cloud,1,bniqe
Bniqe,1,86,1.0,0.3309,0.0,0,501.48,0,upload_cloud,1,bniqe
Bniqe,1,87,1.0,0.4068,0.0,1,640.08,1,upload_cloud,1,adaptive_visual_damping
Bniqe,1,88,0.5113,0.2542,0.0,1,701.89,0,upload_cloud,1,bniqe
Bniqe,1,89,1.0,0.4704,0.0,0,186.81,0,upload_cloud,1,bniqe
Bniqe,1,90,0.6852,0.5161,0.0,1,599.55,0,upload_cloud,1,bniqe
Bniqe,1,91,0.8142,0.3614,0.0,1,258.11,0,upload_cloud,1,bniqe
Bniqe,1,92,1.0,0.2862,0.0,0,312.68,0,upload_cloud,1,bniqe
Bniqe,1,93,0.7996,0.3206,0.0,1,404.78,0,upload_cloud,1,bniqe
Bniqe,1,94,1.0,0.3053,0.0,1,575.13,1,upload_cloud,1,adaptive_visual_damping
Bniqe,1,95,0.6705,0.6554,0.0,0,323.9,0,upload_cloud,1,bniqe
Bniqe,1,96,1.0,0.6119,0.0,0,419.68,1,upload_cloud,1,adaptive_visual_damping
Bniqe,1,97,0.5932,0.7617,0.0,0,792.96,1,upload_cloud,1,adaptive_visual_damping
Bniqe,1,98,0.9759,0.3447,0.0,1,563.97,1,upload_cloud,1,adaptive_visual_damping
Bniqe,1,99,0.7028,0.22,0.0,1,644.41,1,upload_cloud,1,adaptive_visual_damping
Bniqe,1,100,1.0,0.2879,0.0,0,554.0,1,upload_cloud,1,adaptive_visual_damping
Bniqe,1,101,0.9925,0.48,0.0,1,545.65,0,upload_cloud,1,bniqe
Bniqe,1,102,0.0,0.6595,0.0,0,639.14,3,fail_safe,0,adaptive_visual_damping
Bniqe,1,103,1.0,0.5793,0.0,0,291.66,0,upload_cloud,1,bniqe
Bniqe,1,104,1.0,0.7169,0.0,0,498.85,1,upload_cloud,1,adaptive_visual_damping
Bniqe,1,105,0.5645,0.5687,0.0,1,436.34,0,upload_cloud,1,bniqe
Bniqe,1,106,0.9078,0.4128,0.0,0,673.48,1,upload_cloud,1,adaptive_visual_damping
Bniqe,1,107,1.0,0.429,0.0,1,204.93,0,upload_cloud,1,bniqe
Bniqe,1,108,1.0,0.5256,0.0,0,478.83,1,upload_cloud,1,adaptive_visual_damping
Bniqe,1,109,1.0,0.4928,0.0,0,265.68,0,upload_cloud,1,bniqe
Bniqe,1,110,0.9952,0.4702,0.0,0,448.64,0,upload_cloud,1,bniqe
Bniqe,1,111,0.5773,0.448,0.0,1,640.0,0,upload_cloud,1,bniqe
Bniqe,1,112,0.9576,0.5742,0.0,0,241.55,0,upload_cloud,1,bniqe
Bniqe,1,113,1.0,0.3096,0.0,1,566.96,0,upload_cloud,1,bniqe
Bniqe,1,114,1.0,0.5371,0.0,0,350.34,0,upload_cloud,1,bniqe
Bniqe,1,115,0.7676,0.2058,0.0,1,206.28,0,upload_cloud,1,bniqe
Bniqe,1,116,1.0,0.2373,0.0,0,709.54,0,upload_cloud,1,bniqe
Bniqe,1,117,1.0,0.5195,0.0,0,618.75,0,upload_cloud,1,bniqe
Bniqe,1,118,0.553,0.4715,0.0,1,839.7,1,upload_cloud,1,adaptive_visual_damping
Bniqe,1,119,0.6776,0.2179,0.0,1,532.59,0,upload_cloud,1,bniqe
Bniqe,1,120,0.5113,0.3756,0.0,1,625.16,0,upload_cloud,1,bniqe
Bniqe,1,121,1.0,0.4136,0.0,0,637.63,0,upload_cloud,1,bniqe
Bniqe,1,122,1.0,0.4022,0.0,1,809.34,2,upload_cloud,1,adaptive_visual_damping
Bniqe,1,123,0.7969,0.4242,0.0,1,424.33,0,upload_cloud,1,bniqe
Bniqe,1,124,0.8406,0.4388,0.0,1,589.85,0,upload_cloud,1,bniqe
Bniqe,1,125,1.0,0.4539,0.0,0,249.51,0,upload_cloud,1,bniqe
Bniqe,1,126,1.0,0.6303,0.0,0,429.8,0,upload_cloud,1,bniqe
Bniqe,1,127,0.8494,0.5451,0.0,0,653.09,0,upload_cloud,1,bniqe
Bniqe,1,128,0.6989,0.2491,0.0,1,437.71,0,upload_cloud,1,bniqe
Bniqe,1,129,1.0,0.7724,0.0,0,755.49,1,upload_cloud,1,adaptive_visual_damping
Bniqe,1,130,0.7338,0.2646,0.0,1,490.32,0,upload_cloud,1,bniqe
Bniqe,1,131,1.0,0.4101,0.0,1,925.98,2,upload_cloud,1,adaptive_visual_damping
Bniqe,1,132,0.8236,0.2879,0.0,1,643.07,0,upload_cloud,1,bniqe
Bniqe,1,133,1.0,0.563,0.0,1,682.77,0,upload_cloud,1,bniqe
Bniqe,1,134,0.7229,0.6826,0.0,0,408.48,0,upload_cloud,1,bniqe
Bniqe,1,135,0.6128,0.5508,0.0,0,919.25,1,upload_cloud,1,adaptive_visual_damping
Bniqe,1,136,1.0,0.4557,0.0,0,647.83,0,upload_cloud,1,bniqe
Bniqe,1,137,0.97,0.3957,0.0,1,929.67,1,upload_cloud,1,adaptive_visual_damping
Bniqe,1,138,0.5594,0.516,0.0,1,391.09,0,upload_cloud,1,bniqe
Bniqe,1,139,1.0,0.5798,0.0,1,521.14,1,upload_cloud,1,adaptive_visual_damping
Bniqe,1,140,0.7427,0.2262,0.0,1,661.84,0,upload_cloud,1,bniqe
Bniqe,1,141,1.0,0.4024,0.0,0,564.04,0,upload_cloud,1,bniqe
Bniqe,1,142,0.8949,0.2889,0.0,1,877.19,1,upload_cloud,1,adaptive_visual_damping
Bniqe,1,143,1.0,0.6172,0.0,0,488.57,0,upload_cloud,1,bniqe
Bniqe,1,144,1.0,0.6366,0.0,0,569.43,0,upload_cloud,1,bniqe
Bniqe,1,145,1.0,0.3784,0.0,0,263.67,0,upload_cloud,1,bniqe
Bniqe,1,146,1.0,0.2772,0.0,0,673.12,0,upload_cloud,1,bniqe
Bniqe,1,147,0.7249,0.5075,0.0,0,480.74,0,upload_cloud,1,bniqe
Bniqe,1,148,0.8344,0.332,0.0,1,491.69,0,upload_cloud,1,bniqe
Bniqe,1,149,0.0,0.5652,0.0,0,601.21,3,fail_safe,0,adaptive_visual_damping
Bniqe,1,150,1.0,0.4995,0.0,0,312.29,0,upload_cloud,1,bniqe
Bniqe,1,151,1.0,0.4632,0.0,1,667.83,2,upload_cloud,1,adaptive_visual_damping
Bniqe,1,152,1.0,0.722,0.0,0,668.92,1,upload_cloud,1,adaptive_visual_damping
Bniqe,1,153,1.0,0.5191,0.0,1,266.7,0,upload_cloud,1,bniqe
Bniqe,1,154,0.9904,0.5026,0.0,1,632.03,1,upload_cloud,1,adaptive_visual_damping
Bniqe,1,155,0.0,0.8152,0.0,0,624.68,3,fail_safe,0,adaptive_visual_damping
Bniqe,1,156,0.5488,0.4829,0.0,1,666.05,1,upload_cloud,1,adaptive_visual_damping
Bniqe,1,157,0.9006,0.5729,0.0,1,501.62,1,upload_cloud,1,adaptive_visual_damping
Bniqe,1,158,1.0,0.551,0.0,1,318.13,0,upload_cloud,1,bniqe
Bniqe,1,159,1.0,0.5196,0.0,1,552.67,0,upload_cloud,1,bniqe
Bniqe,1,160,0.8991,0.6404,0.0,0,581.06,1,upload_cloud,1,adaptive_visual_damping
Bniqe,1,161,1.0,0.4973,0.0,0,348.07,0,upload_cloud,1,bniqe
Bniqe,1,162,1.0,0.3773,0.0,0,497.87,0,upload_cloud,1,bniqe
Bniqe,1,163,1.0,0.515,0.0,1,547.03,1,upload_cloud,1,adaptive_visual_damping
Bniqe,1,164,1.0,0.7634,0.0,0,494.35,1,upload_cloud,1,adaptive_visual_damping
Bniqe,1,165,1.0,0.5978,0.0,0,662.5,0,upload_cloud,1,bniqe
Bniqe,1,166,1.0,0.4756,0.0,1,546.21,1,upload_cloud,1,adaptive_visual_damping
Bniqe,1,167,1.0,0.5624,0.0,0,219.73,0,upload_cloud,1,bniqe
Bniqe,1,168,1.0,0.289,0.0,0,324.58,0,upload_cloud,1,bniqe
Bniqe,1,169,1.0,0.6933,0.0,0,467.41,0,upload_cloud,1,bniqe
Bniqe,1,170,0.7762,0.6238,0.0,0,339.71,0,upload_cloud,1,bniqe
Bniqe,1,171,1.0,0.522,0.0,0,447.78,0,upload_cloud,1,bniqe
Bniqe,1,172,0.603,0.3365,0.0,0,344.01,0,upload_cloud,1,bniqe
Bniqe,1,173,0.7221,0.4059,0.0,0,483.95,0,upload_cloud,1,bniqe
Bniqe,1,174,0.5729,0.579,0.0,0,589.65,1,upload_cloud,1,adaptive_visual_damping
Bniqe,1,175,0.7432,0.5599,0.0,0,451.63,1,upload_cloud,1,adaptive_visual_damping
Bniqe,1,176,0.9676,0.4009,0.0,1,520.21,1,upload_cloud,1,adaptive_visual_damping
Bniqe,1,177,0.7201,0.5369,0.0,0,578.29,0,upload_cloud,1,bniqe
Bniqe,1,178,1.0,0.2627,0.0,0,491.46,0,upload_cloud,1,bniqe
Bniqe,1,179,0.6429,0.6147,0.0,0,857.46,1,upload_cloud,1,adaptive_visual_damping
Bniqe,1,180,0.5278,0.542,0.0,1,261.46,0,upload_cloud,1,bniqe
Bniqe,1,181,0.8763,0.3801,0.0,1,253.04,0,upload_cloud,1,bniqe
Bniqe,1,182,1.0,0.3661,0.0,0,687.24,0,upload_cloud,1,bniqe
Bniqe,1,183,0.0,0.623,0.0,1,605.11,3,fail_safe,0,adaptive_visual_damping
Bniqe,1,184,0.8599,0.3422,0.0,1,626.24,0,upload_cloud,1,bniqe
Bniqe,1,185,1.0,0.5397,0.0,0,459.8,0,upload_cloud,1,bniqe
Bniqe,1,186,1.0,0.5374,0.0,1,735.11,1,upload_cloud,1,adaptive_visual_damping
Bniqe,1,187,1.0,0.475,0.0,0,568.02,0,upload_cloud,1,bniqe
Bniqe,1,188,0.7343,0.5772,0.0,1,323.6,0,upload_cloud,1,bniqe
Bniqe,1,189,1.0,0.5247,0.0,0,485.66,0,upload_cloud,1,bniqe
Bniqe,1,190,0.6783,0.3648,0.0,1,235.65,0,upload_cloud,1,bniqe
Bniqe,1,191,1.0,0.5085,0.0,0,427.77,0,upload_cloud,1,bniqe
Bniqe,1,192,1.0,0.3823,0.0,0,236.74,0,upload_cloud,1,bniqe
Bniqe,1,193,1.0,0.2943,0.0,0,258.7,0,upload_cloud,1,bniqe
Bniqe,1,194,1.0,0.5022,0.0,0,435.27,0,upload_cloud,1,bniqe
Bniqe,1,195,1.0,0.3876,0.0,0,204.2,0,upload_cloud,1,bniqe
Bniqe,1,196,1.0,0.5021,0.0,1,451.37,1,upload_cloud,1,adaptive_visual_damping
Bniqe,1,197,1.0,0.5551,0.0,0,504.65,0,upload_cloud,1,bniqe
Bniqe,1,198,0.0278,0.6758,0.0,0,566.27,3,fail_safe,0,adaptive_visual_damping
Bniqe,1,199,0.6303,0.6718,0.0,0,239.4,0,upload_cloud,1,bniqe
Bniqe,1,200,0.9918,0.6424,0.0,0,398.79,0,upload_cloud,1,bniqe
Bniqe,1,201,0.904,0.2976,0.0,1,600.75,0,upload_cloud,1,bniqe
Bniqe,1,202,0.8948,0.4799,0.0,1,885.09,2,upload_cloud,1,adaptive_visual_damping
Bniqe,1,203,1.0,0.4377,0.0,0,343.88,0,upload_cloud,1,bniqe
Bniqe,1,204,1.0,0.3364,0.0,0,457.31,0,upload_cloud,1,bniqe
Bniqe,1,205,0.5593,0.484,0.0,1,232.61,0,upload_cloud,1,bniqe
Bniqe,1,206,1.0,0.5945,0.0,1,669.5,1,upload_cloud,1,adaptive_visual_damping
Bniqe,1,207,1.0,0.5759,0.0,1,422.42,0,upload_cloud,1,bniqe
Bniqe,1,208,0.5246,0.4224,0.0,1,389.31,0,upload_cloud,1,bniqe
Bniqe,1,209,1.0,0.5345,0.0,1,683.19,0,upload_cloud,1,bniqe
Bniqe,1,210,1.0,0.6212,0.0,0,801.04,1,upload_cloud,1,adaptive_visual_damping
Bniqe,1,211,0.7712,0.2789,0.0,1,747.79,2,upload_cloud,1,adaptive_visual_damping
Bniqe,1,212,0.8141,0.6071,0.0,0,476.0,1,upload_cloud,1,adaptive_visual_damping
Bniqe,1,213,1.0,0.6732,0.0,0,682.19,0,upload_cloud,1,bniqe
Bniqe,1,214,1.0,0.8242,0.0,0,642.68,1,upload_cloud,1,adaptive_visual_damping
Bniqe,1,215,0.8195,0.4308,0.0,0,491.97,0,upload_cloud,1,bniqe
Bniqe,1,216,1.0,0.6448,0.0,0,463.69,1,upload_cloud,1,adaptive_visual_damping
Bniqe,1,217,1.0,0.5452,0.0,0,704.37,0,upload_cloud,1,bniqe
Bniqe,1,218,1.0,0.4137,0.0,0,677.64,1,upload_cloud,1,adaptive_visual_damping
Bniqe,1,219,1.0,0.2098,0.0,1,757.89,1,upload_cloud,1,adaptive_visual_damping
Bniqe,1,220,0.5344,0.4906,0.0,1,396.39,0,upload_cloud,1,bniqe
Bniqe,1,221,1.0,0.6027,0.0,0,355.73,0,upload_cloud,1,bniqe
Bniqe,1,222,1.0,0.3565,0.0,0,471.43,0,upload_cloud,1,bniqe
Bniqe,1,223,1.0,0.5257,0.0,0,640.26,1,upload_cloud,1,adaptive_visual_damping
Bniqe,1,224,0.8437,0.6336,0.0,0,601.99,0,upload_cloud,1,bniqe
Bniqe,1,225,0.9948,0.2817,0.0,1,833.67,1,upload_cloud,1,adaptive_visual_damping
Bniqe,1,226,0.8149,0.3904,0.0,1,264.85,0,upload_cloud,1,bniqe
Bniqe,1,227,0.9223,0.469,0.0,0,276.51,0,upload_cloud,1,bniqe
Bniqe,1,228,0.4686,0.2471,0.0,1,622.32,3,fail_safe,0,adaptive_visual_damping
Bniqe,1,229,1.0,0.4995,0.0,0,260.95,0,upload_cloud,1,bniqe
Bniqe,1,230,1.0,0.3116,0.0,0,504.45,0,upload_cloud,1,bniqe
Bniqe,1,231,1.0,0.5833,0.0,0,355.62,0,upload_cloud,1,bniqe
Bniqe,1,232,1.0,0.4298,0.0,1,278.17,0,upload_cloud,1,bniqe
Bniqe,1,233,0.8287,0.4941,0.0,0,590.26,0,upload_cloud,1,bniqe
Bniqe,1,234,1.0,0.4096,0.0,1,509.15,0,upload_cloud,1,bniqe
Bniqe,1,235,1.0,0.5172,0.0,0,318.96,0,upload_cloud,1,bniqe
Bniqe,1,236,1.0,0.4502,0.0,0,473.49,0,upload_cloud,1,bniqe
Bniqe,1,237,1.0,0.5477,0.0,1,776.12,1,upload_cloud,1,adaptive_visual_damping
Bniqe,1,238,1.0,0.4133,0.0,1,1001.07,2,upload_cloud,1,adaptive_visual_damping
Bniqe,1,239,0.6194,0.5164,0.0,0,456.1,0,upload_cloud,1,bniqe
Bniqe,1,240,0.5811,0.4054,0.0,1,613.82,0,upload_cloud,1,bniqe
Bniqe,1,241,1.0,0.5991,0.0,0,437.57,1,upload_cloud,1,adaptive_visual_damping
Bniqe,1,242,0.4395,0.3593,0.0,1,599.96,3,fail_safe,0,adaptive_visual_damping
Bniqe,1,243,0.7035,0.646,0.0,0,305.04,0,upload_cloud,1,bniqe
Bniqe,1,244,0.501,0.4934,0.0,1,528.57,1,upload_cloud,1,adaptive_visual_damping
Bniqe,1,245,1.0,0.4085,0.0,1,653.12,1,upload_cloud,1,adaptive_visual_damping
Bniqe,1,246,0.7401,0.2342,0.0,1,484.2,1,upload_cloud,1,adaptive_visual_damping
Bniqe,1,247,0.9554,0.6495,0.0,0,788.76,1,upload_cloud,1,adaptive_visual_damping
Bniqe,1,248,0.715,0.3046,0.0,1,500.66,1,upload_cloud,1,adaptive_visual_damping
Bniqe,1,249,0.987,0.256,0.0,1,420.64,0,upload_cloud,1,bniqe
Bniqe,1,250,1.0,0.3576,0.0,0,690.17,0,upload_cloud,1,bniqe
Bniqe,1,251,0.896,0.462,0.0,0,351.14,0,upload_cloud,1,bniqe
Bniqe,1,252,1.0,0.5883,0.0,0,645.13,0,upload_cloud,1,bniqe
Bniqe,1,253,1.0,0.5161,0.0,0,343.11,0,upload_cloud,1,bniqe
Bniqe,1,254,1.0,0.5096,0.0,0,255.24,0,upload_cloud,1,bniqe
Bniqe,1,255,1.0,0.4705,0.0,0,454.68,0,upload_cloud,1,bniqe
Bniqe,1,256,0.7478,0.3861,0.0,1,651.02,1,upload_cloud,1,adaptive_visual_damping
Bniqe,1,257,1.0,0.507,0.0,0,295.12,0,upload_cloud,1,bniqe
Bniqe,1,258,1.0,0.528,0.0,0,458.96,0,upload_cloud,1,bniqe
Bniqe,1,259,1.0,0.5813,0.0,0,572.84,0,upload_cloud,1,bniqe
Bniqe,1,260,1.0,0.285,0.0,1,429.79,1,upload_cloud,1,adaptive_visual_damping
Bniqe,1,261,1.0,0.4833,0.0,0,652.85,0,upload_cloud,1,bniqe
Bniqe,1,262,1.0,0.6322,0.0,0,502.49,1,upload_cloud,1,adaptive_visual_damping
Bniqe,1,263,0.8992,0.43,0.0,0,476.55,0,upload_cloud,1,bniqe
Bniqe,1,264,0.9326,0.455,0.0,1,724.37,1,upload_cloud,1,adaptive_visual_damping
Bniqe,1,265,0.6817,0.4445,0.0,1,393.36,1,upload_cloud,1,adaptive_visual_damping
Bniqe,1,266,1.0,0.4736,0.0,0,466.21,0,upload_cloud,1,bniqe
Bniqe,1,267,1.0,0.5233,0.0,0,538.7,0,upload_cloud,1,bniqe
Bniqe,1,268,1.0,0.5291,0.0,0,237.49,0,upload_cloud,1,bniqe
Bniqe,1,269,0.7602,0.3775,0.0,1,401.79,0,upload_cloud,1,bniqe
Bniqe,1,270,0.855,0.5994,0.0,1,547.9,0,upload_cloud,1,bniqe
Bniqe,1,271,1.0,0.5086,0.0,1,340.28,0,upload_cloud,1,bniqe
Bniqe,1,272,0.5117,0.4866,0.0,0,660.71,1,upload_cloud,1,adaptive_visual_damping
Bniqe,1,273,1.0,0.401,0.0,0,229.47,0,upload_cloud,1,bniqe
Bniqe,1,274,0.64,0.404,0.0,1,573.1,0,upload_cloud,1,bniqe
Bniqe,1,275,1.0,0.6548,0.0,0,594.84,0,upload_cloud,1,bniqe
Bniqe,1,276,0.7894,0.4201,0.0,1,476.43,0,upload_cloud,1,bniqe
Bniqe,1,277,1.0,0.3572,0.0,1,541.03,1,upload_cloud,1,adaptive_visual_damping
Bniqe,1,278,0.3713,0.5303,0.0,0,574.89,3,fail_safe,0,adaptive_visual_damping
Bniqe,1,279,1.0,0.5552,0.0,0,194.2,0,upload_cloud,1,bniqe
Bniqe,1,280,1.0,0.6182,0.0,1,261.32,0,upload_cloud,1,bniqe
Bniqe,1,281,0.8481,0.3523,0.0,1,312.99,0,upload_cloud,1,bniqe
Bniqe,1,282,1.0,0.6625,0.0,0,256.15,0,upload_cloud,1,bniqe
Bniqe,1,283,0.8217,0.5048,0.0,0,694.66,1,upload_cloud,1,adaptive_visual_damping
Bniqe,1,284,1.0,0.5816,0.0,0,393.98,0,upload_cloud,1,bniqe
Bniqe,1,285,1.0,0.5311,0.0,0,590.27,0,upload_cloud,1,bniqe
Bniqe,1,286,1.0,0.4871,0.0,1,773.1,1,upload_cloud,1,adaptive_visual_damping
Bniqe,1,287,1.0,0.4633,0.0,1,485.91,1,upload_cloud,1,adaptive_visual_damping
Bniqe,1,288,0.8851,0.3491,0.0,1,603.46,0,upload_cloud,1,bniqe
Bniqe,1,289,1.0,0.3187,0.0,1,620.19,0,upload_cloud,1,bniqe
Bniqe,1,290,0.8194,0.605,0.0,0,704.86,1,upload_cloud,1,adaptive_visual_damping
Bniqe,1,291,0.9108,0.5594,0.0,1,332.49,0,upload_cloud,1,bniqe
Bniqe,1,292,0.9073,0.3582,0.0,1,797.42,1,upload_cloud,1,adaptive_visual_damping
Bniqe,1,293,0.8721,0.3262,0.0,0,647.94,0,upload_cloud,1,bniqe
Bniqe,1,294,0.9096,0.393,0.0,1,556.65,1,upload_cloud,1,adaptive_visual_damping
Bniqe,1,295,1.0,0.535,0.0,0,602.32,0,upload_cloud,1,bniqe
Bniqe,1,296,1.0,0.3859,0.0,1,1067.02,2,upload_cloud,1,adaptive_visual_damping
Bniqe,1,297,0.0,0.5227,0.0,0,630.5,3,fail_safe,0,adaptive_visual_damping
Bniqe,1,298,1.0,0.242,0.0,1,538.5,1,upload_cloud,1,adaptive_visual_damping
Bniqe,1,299,0.0,0.526,0.0,0,616.59,3,fail_safe,0,adaptive_visual_damping
Bniqe,1,300,1.0,0.4202,0.0,0,828.62,1,upload_cloud,1,adaptive_visual_damping
Bniqe,1,301,0.7811,0.3396,0.0,1,388.29,1,upload_cloud,1,adaptive_visual_damping
Bniqe,1,302,0.768,0.5693,0.0,0,422.08,0,upload_cloud,1,bniqe
Bniqe,1,303,1.0,0.5755,0.0,0,339.52,0,upload_cloud,1,bniqe
Bniqe,1,304,0.6683,0.3337,0.0,1,326.4,0,upload_cloud,1,bniqe
Bniqe,1,305,0.0,0.3327,0.0,0,585.49,3,fail_safe,0,adaptive_visual_damping
Bniqe,1,306,1.0,0.425,0.0,0,655.21,0,upload_cloud,1,bniqe
Bniqe,1,307,0.9129,0.447,0.0,1,854.92,1,upload_cloud,1,adaptive_visual_damping
Bniqe,1,308,1.0,0.4324,0.0,0,589.2,0,upload_cloud,1,bniqe
Bniqe,1,309,0.5525,0.765,0.0,0,540.58,0,upload_cloud,1,bniqe
Bniqe,1,310,0.7667,0.4645,0.0,1,493.13,0,upload_cloud,1,bniqe
Bniqe,1,311,1.0,0.4296,0.0,1,800.98,1,upload_cloud,1,adaptive_visual_damping
Bniqe,1,312,1.0,0.4268,0.0,1,741.7,1,upload_cloud,1,adaptive_visual_damping
Bniqe,1,313,0.8565,0.383,0.0,1,501.75,1,upload_cloud,1,adaptive_visual_damping
Bniqe,1,314,1.0,0.6181,0.0,0,811.24,1,upload_cloud,1,adaptive_visual_damping
Bniqe,1,315,0.9758,0.3336,0.0,1,704.52,2,upload_cloud,1,adaptive_visual_damping
Bniqe,1,316,1.0,0.551,0.0,1,217.16,0,upload_cloud,1,bniqe
Bniqe,1,317,1.0,0.4518,0.0,1,504.16,1,upload_cloud,1,adaptive_visual_damping
Bniqe,1,318,1.0,0.3186,0.0,1,820.38,1,upload_cloud,1,adaptive_visual_damping
Bniqe,1,319,0.9502,0.2012,0.0,1,561.2,0,upload_cloud,1,bniqe
Bniqe,1,320,1.0,0.4986,0.0,1,710.13,1,upload_cloud,1,adaptive_visual_damping
Bniqe,1,321,0.5338,0.4645,0.0,1,661.6,1,upload_cloud,1,adaptive_visual_damping
Bniqe,1,322,0.7932,0.5686,0.0,0,449.8,0,upload_cloud,1,bniqe
Bniqe,1,323,0.9035,0.5432,0.0,1,676.6,0,upload_cloud,1,bniqe
Bniqe,1,324,0.6675,0.434,0.0,1,765.63,1,upload_cloud,1,adaptive_visual_damping
Bniqe,1,325,1.0,0.3843,0.0,1,383.12,1,upload_cloud,1,adaptive_visual_damping
Bniqe,1,326,1.0,0.547,0.0,0,613.63,0,upload_cloud,1,bniqe
Bniqe,1,327,0.998,0.4246,0.0,0,855.05,1,upload_cloud,1,adaptive_visual_damping
Bniqe,1,328,1.0,0.3568,0.0,0,304.64,0,upload_cloud,1,bniqe
Bniqe,1,329,0.6558,0.5633,0.0,1,337.76,0,upload_cloud,1,bniqe
Bniqe,1,330,1.0,0.6181,0.0,0,492.86,1,upload_cloud,1,adaptive_visual_damping
Bniqe,1,331,0.9839,0.5891,0.0,0,826.61,1,upload_cloud,1,adaptive_visual_damping
Bniqe,1,332,1.0,0.5995,0.0,0,297.06,0,upload_cloud,1,bniqe
Bniqe,1,333,1.0,0.4439,0.0,1,563.44,1,upload_cloud,1,adaptive_visual_damping
Bniqe,1,334,0.5743,0.2962,0.0,0,270.23,0,upload_cloud,1,bniqe
Bniqe,1,335,1.0,0.4821,0.0,0,571.53,0,upload_cloud,1,bniqe
Bniqe,1,336,1.0,0.3036,0.0,1,395.2,1,upload_cloud,1,adaptive_visual_damping
Bniqe,1,337,1.0,0.5616,0.0,0,499.88,1,upload_cloud,1,adaptive_visual_damping
Bniqe,1,338,1.0,0.374,0.0,0,531.41,0,upload_cloud,1,bniqe
Bniqe,1,339,1.0,0.5351,0.0,0,491.52,0,upload_cloud,1,bniqe
Bniqe,1,340,0.9304,0.6183,0.0,0,410.97,0,upload_cloud,1,bniqe
Bniqe,1,341,0.7572,0.6245,0.0,0,369.12,0,upload_cloud,1,bniqe
Bniqe,1,342,0.9153,0.4529,0.0,0,534.28,0,upload_cloud,1,bniqe
Bniqe,1,343,0.642,0.3851,0.0,1,957.0,2,upload_cloud,1,adaptive_visual_damping
Bniqe,1,344,1.0,0.5086,0.0,1,597.97,1,upload_cloud,1,adaptive_visual_damping
Bniqe,1,345,1.0,0.4355,0.0,0,330.58,0,upload_cloud,1,bniqe
Bniqe,1,346,1.0,0.5694,0.0,1,506.01,0,upload_cloud,1,bniqe
Bniqe,1,347,1.0,0.4353,0.0,0,694.06,0,upload_cloud,1,bniqe
Bniqe,1,348,0.8607,0.4165,0.0,0,505.76,0,upload_cloud,1,bniqe
Bniqe,1,349,0.8574,0.3985,0.0,1,853.03,1,upload_cloud,1,adaptive_visual_damping
Bniqe,1,350,0.9675,0.662,0.0,0,616.51,0,upload_cloud,1,bniqe
Bniqe,1,351,0.247,0.5828,0.0,0,615.34,3,fail_safe,0,adaptive_visual_damping
Bniqe,1,352,0.9092,0.4491,0.0,1,374.14,0,upload_cloud,1,bniqe
Bniqe,1,353,1.0,0.7336,0.0,0,682.97,1,upload_cloud,1,adaptive_visual_damping
Bniqe,1,354,0.5595,0.5223,0.0,1,425.23,0,upload_cloud,1,bniqe
Bniqe,1,355,1.0,0.5049,0.0,0,326.25,0,upload_cloud,1,bniqe
Bniqe,1,356,1.0,0.5549,0.0,0,210.88,0,upload_cloud,1,bniqe
Bniqe,1,357,1.0,0.5613,0.0,0,490.15,1,upload_cloud,1,adaptive_visual_damping
Bniqe,1,358,0.818,0.4861,0.0,1,706.63,1,upload_cloud,1,adaptive_visual_damping
Bniqe,1,359,0.6871,0.2338,0.0,1,659.04,1,upload_cloud,1,adaptive_visual_damping
Bniqe,1,360,1.0,0.5716,0.0,0,328.95,0,upload_cloud,1,bniqe
Bniqe,1,361,1.0,0.4293,0.0,0,632.2,0,upload_cloud,1,bniqe
Bniqe,1,362,1.0,0.4499,0.0,0,523.94,0,upload_cloud,1,bniqe
Bniqe,1,363,0.845,0.5857,0.0,0,660.99,0,upload_cloud,1,bniqe
Bniqe,1,364,0.9684,0.6079,0.0,0,388.59,0,upload_cloud,1,bniqe
Bniqe,1,365,0.8764,0.5021,0.0,1,682.23,0,upload_cloud,1,bniqe
Bniqe,1,366,1.0,0.5381,0.0,0,719.71,1,upload_cloud,1,adaptive_visual_damping
Bniqe,1,367,1.0,0.3788,0.0,1,861.46,1,upload_cloud,1,adaptive_visual_damping
Bniqe,1,368,0.7482,0.3606,0.0,1,404.71,1,upload_cloud,1,adaptive_visual_damping
Bniqe,1,369,0.8357,0.6836,0.0,0,632.83,1,upload_cloud,1,adaptive_visual_damping
Bniqe,1,370,1.0,0.5155,0.0,0,722.98,1,upload_cloud,1,adaptive_visual_damping
Bniqe,1,371,0.8893,0.5306,0.0,1,581.64,0,upload_cloud,1,bniqe
Bniqe,1,372,1.0,0.5452,0.0,0,390.68,0,upload_cloud,1,bniqe
Bniqe,1,373,1.0,0.4997,0.0,0,432.85,0,upload_cloud,1,bniqe
Bniqe,1,374,1.0,0.5947,0.0,0,429.64,1,upload_cloud,1,adaptive_visual_damping
Bniqe,1,375,0.9693,0.4737,0.0,1,833.37,1,upload_cloud,1,adaptive_visual_damping
Bniqe,1,376,0.5798,0.4655,0.0,1,439.8,0,upload_cloud,1,bniqe
Bniqe,1,377,0.5203,0.4745,0.0,1,504.03,0,upload_cloud,1,bniqe
Bniqe,1,378,0.872,0.264,0.0,1,705.56,1,upload_cloud,1,adaptive_visual_damping
Bniqe,1,379,1.0,0.479,0.0,0,638.02,0,upload_cloud,1,bniqe
Bniqe,1,380,0.6869,0.5039,0.0,1,1095.16,2,upload_cloud,1,adaptive_visual_damping
Bniqe,1,381,1.0,0.4785,0.0,0,657.73,0,upload_cloud,1,bniqe
Bniqe,1,382,0.5382,0.6826,0.0,0,520.72,1,upload_cloud,1,adaptive_visual_damping
Bniqe,1,383,1.0,0.4135,0.0,1,815.65,1,upload_cloud,1,adaptive_visual_damping
Bniqe,1,384,0.8314,0.5287,0.0,0,613.04,0,upload_cloud,1,bniqe
Bniqe,1,385,1.0,0.4901,0.0,0,344.91,0,upload_cloud,1,bniqe
Bniqe,1,386,1.0,0.4233,0.0,1,567.41,1,upload_cloud,1,adaptive_visual_damping
Bniqe,1,387,1.0,0.4669,0.0,0,240.88,0,upload_cloud,1,bniqe
Bniqe,1,388,0.5065,0.4126,0.0,1,697.45,1,upload_cloud,1,adaptive_visual_damping
Bniqe,1,389,1.0,0.4634,0.0,0,565.57,0,upload_cloud,1,bniqe
Bniqe,1,390,0.7485,0.4817,0.0,1,753.19,1,upload_cloud,1,adaptive_visual_damping
Bniqe,1,391,1.0,0.5766,0.0,0,783.86,1,upload_cloud,1,adaptive_visual_damping
Bniqe,1,392,0.9597,0.6254,0.0,0,612.63,0,upload_cloud,1,bniqe
Bniqe,1,393,1.0,0.582,0.0,1,874.85,1,upload_cloud,1,adaptive_visual_damping
Bniqe,1,394,1.0,0.4441,0.0,1,942.22,2,upload_cloud,1,adaptive_visual_damping
Bniqe,1,395,0.6662,0.2619,0.0,1,289.85,0,upload_cloud,1,bniqe
Bniqe,1,396,0.5196,0.585,0.0,1,530.95,0,upload_cloud,1,bniqe
Bniqe,1,397,1.0,0.3378,0.0,1,860.8,2,upload_cloud,1,adaptive_visual_damping
Bniqe,1,398,1.0,0.5221,0.0,0,400.87,0,upload_cloud,1,bniqe
Bniqe,1,399,1.0,0.2363,0.0,1,943.92,2,upload_cloud,1,adaptive_visual_damping
Bniqe,1,400,1.0,0.5943,0.0,0,617.3,0,upload_cloud,1,bniqe
Bniqe,1,401,1.0,0.5549,0.0,1,676.6,1,upload_cloud,1,adaptive_visual_damping
Bniqe,1,402,1.0,0.5232,0.0,0,424.04,0,upload_cloud,1,bniqe
Bniqe,1,403,0.673,0.2823,0.0,1,450.87,1,upload_cloud,1,adaptive_visual_damping
Bniqe,1,404,1.0,0.3695,0.0,1,568.92,0,upload_cloud,1,bniqe
Bniqe,1,405,1.0,0.3938,0.0,1,652.25,0,upload_cloud,1,bniqe
Bniqe,1,406,0.7115,0.5359,0.0,0,376.08,0,upload_cloud,1,bniqe
Bniqe,1,407,0.7474,0.5417,0.0,0,522.79,0,upload_cloud,1,bniqe
Bniqe,1,408,0.0,0.5506,0.0,0,561.58,3,fail_safe,0,adaptive_visual_damping
Bniqe,1,409,1.0,0.6704,0.0,0,927.37,1,upload_cloud,1,adaptive_visual_damping
Bniqe,1,410,1.0,0.497,0.0,1,552.51,1,upload_cloud,1,adaptive_visual_damping
Bniqe,1,411,0.6495,0.7318,0.0,0,858.09,1,upload_cloud,1,adaptive_visual_damping
Bniqe,1,412,0.914,0.6396,0.0,1,535.71,0,upload_cloud,1,bniqe
Bniqe,1,413,0.7922,0.4835,0.0,1,744.1,1,upload_cloud,1,adaptive_visual_damping
Bniqe,1,414,1.0,0.3241,0.0,0,537.71,0,upload_cloud,1,bniqe
Bniqe,1,415,0.8705,0.5867,0.0,0,419.86,0,upload_cloud,1,bniqe
Bniqe,1,416,1.0,0.4104,0.0,0,445.53,0,upload_cloud,1,bniqe
Bniqe,1,417,0.9142,0.4404,0.0,0,419.54,1,upload_cloud,1,adaptive_visual_damping
Bniqe,1,418,0.7281,0.3609,0.0,1,539.16,0,upload_cloud,1,bniqe
Bniqe,1,419,1.0,0.6957,0.0,0,370.82,0,upload_cloud,1,bniqe
Bniqe,1,420,0.6679,0.3894,0.0,1,585.94,1,upload_cloud,1,adaptive_visual_damping
Bniqe,1,421,0.7631,0.2188,0.0,1,349.0,0,upload_cloud,1,bniqe
Bniqe,1,422,1.0,0.3753,0.0,0,446.16,0,upload_cloud,1,bniqe
Bniqe,1,423,1.0,0.4147,0.0,1,705.03,1,upload_cloud,1,adaptive_visual_damping
Bniqe,1,424,0.9551,0.6323,0.0,0,585.69,0,upload_cloud,1,bniqe
Bniqe,1,425,0.7802,0.2957,0.0,1,833.04,1,upload_cloud,1,adaptive_visual_damping
Bniqe,1,426,0.7497,0.6401,0.0,0,276.34,0,upload_cloud,1,bniqe
Bniqe,1,427,0.7235,0.4468,0.0,1,607.53,0,upload_cloud,1,bniqe
Bniqe,1,428,1.0,0.5376,0.0,0,420.27,0,upload_cloud,1,bniqe
Bniqe,1,429,1.0,0.4514,0.0,1,602.01,1,upload_cloud,1,adaptive_visual_damping
Bniqe,1,430,1.0,0.585,0.0,0,482.45,1,upload_cloud,1,adaptive_visual_damping
Bniqe,1,431,0.8888,0.5103,0.0,1,474.89,0,upload_cloud,1,bniqe
Bniqe,1,432,1.0,0.5785,0.0,0,614.8,0,upload_cloud,1,bniqe
Bniqe,1,433,1.0,0.537,0.0,0,258.43,0,upload_cloud,1,bniqe
Bniqe,1,434,1.0,0.3924,0.0,0,285.36,0,upload_cloud,1,bniqe
Bniqe,1,435,1.0,0.5963,0.0,1,518.01,1,upload_cloud,1,adaptive_visual_damping
Bniqe,1,436,0.7016,0.4741,0.0,1,462.17,0,upload_cloud,1,bniqe
Bniqe,1,437,1.0,0.3661,0.0,0,668.75,0,upload_cloud,1,bniqe
Bniqe,1,438,1.0,0.5858,0.0,1,456.99,1,upload_cloud,1,adaptive_visual_damping
Bniqe,1,439,1.0,0.5265,0.0,1,459.4,1,upload_cloud,1,adaptive_visual_damping
Bniqe,1,440,0.7847,0.4874,0.0,1,311.14,0,upload_cloud,1,bniqe
Bniqe,1,441,0.9802,0.3954,0.0,1,1011.48,2,upload_cloud,1,adaptive_visual_damping
Bniqe,1,442,1.0,0.6137,0.0,0,607.77,0,upload_cloud,1,bniqe
Bniqe,1,443,0.9155,0.305,0.0,1,325.02,0,upload_cloud,1,bniqe
Bniqe,1,444,1.0,0.3448,0.0,0,601.24,0,upload_cloud,1,bniqe
Bniqe,1,445,0.7315,0.401,0.0,0,659.56,0,upload_cloud,1,bniqe
Bniqe,1,446,0.7841,0.5733,0.0,0,376.56,0,upload_cloud,1,bniqe
Bniqe,1,447,1.0,0.3602,0.0,1,716.5,1,upload_cloud,1,adaptive_visual_damping
Bniqe,1,448,1.0,0.5132,0.0,1,717.52,1,upload_cloud,1,adaptive_visual_damping
Bniqe,1,449,0.5282,0.3774,0.0,0,669.57,0,upload_cloud,1,bniqe
Bniqe,1,450,1.0,0.5878,0.0,1,365.84,0,upload_cloud,1,bniqe
Bniqe,1,451,1.0,0.7357,0.0,0,659.83,1,upload_cloud,1,adaptive_visual_damping
Bniqe,1,452,0.5647,0.4756,0.0,1,567.93,1,upload_cloud,1,adaptive_visual_damping
Bniqe,1,453,0.8109,0.4311,0.0,0,721.02,1,upload_cloud,1,adaptive_visual_damping
Bniqe,1,454,0.6425,0.2976,0.0,1,211.44,0,upload_cloud,1,bniqe
Bniqe,1,455,1.0,0.5349,0.0,1,585.08,0,upload_cloud,1,bniqe
Bniqe,1,456,1.0,0.6109,0.0,0,722.21,1,upload_cloud,1,adaptive_visual_damping
Bniqe,1,457,0.0,0.7342,0.0,0,605.64,3,fail_safe,0,adaptive_visual_damping
Bniqe,1,458,1.0,0.3087,0.0,0,707.5,0,upload_cloud,1,bniqe
Bniqe,1,459,1.0,0.3283,0.0,1,658.75,1,upload_cloud,1,adaptive_visual_damping
Bniqe,1,460,1.0,0.3908,0.0,0,648.78,0,upload_cloud,1,bniqe
Bniqe,1,461,0.888,0.2512,0.0,1,763.8,1,upload_cloud,1,adaptive_visual_damping
Bniqe,1,462,1.0,0.4077,0.0,1,333.91,0,upload_cloud,1,bniqe
Bniqe,1,463,0.8231,0.5743,0.0,1,534.67,0,upload_cloud,1,bniqe
Bniqe,1,464,1.0,0.477,0.0,0,633.72,0,upload_cloud,1,bniqe
Bniqe,1,465,0.9502,0.2757,0.0,1,504.17,0,upload_cloud,1,bniqe
Bniqe,1,466,1.0,0.5255,0.0,0,476.72,0,upload_cloud,1,bniqe
Bniqe,1,467,1.0,0.5205,0.0,0,444.49,1,upload_cloud,1,adaptive_visual_damping
Bniqe,1,468,0.4242,0.5239,0.0,1,648.95,3,fail_safe,0,adaptive_visual_damping
Bniqe,1,469,1.0,0.4242,0.0,0,245.32,0,upload_cloud,1,bniqe
Bniqe,1,470,0.9825,0.4412,0.0,0,675.67,0,upload_cloud,1,bniqe
Bniqe,1,471,1.0,0.5865,0.0,0,611.77,0,upload_cloud,1,bniqe
Bniqe,1,472,1.0,0.4918,0.0,1,554.91,0,upload_cloud,1,bniqe
Bniqe,1,473,1.0,0.5386,0.0,0,617.22,0,upload_cloud,1,bniqe
Bniqe,1,474,0.5992,0.5873,0.0,1,290.08,0,upload_cloud,1,bniqe
Bniqe,1,475,1.0,0.5237,0.0,0,689.22,0,upload_cloud,1,bniqe
Bniqe,1,476,1.0,0.2781,0.0,1,674.47,1,upload_cloud,1,adaptive_visual_damping
Bniqe,1,477,1.0,0.3896,0.0,0,567.39,0,upload_cloud,1,bniqe
Bniqe,1,478,1.0,0.5302,0.0,0,569.84,0,upload_cloud,1,bniqe
Bniqe,1,479,1.0,0.3554,0.0,1,864.18,2,upload_cloud,1,adaptive_visual_damping
Bniqe,1,480,1.0,0.3366,0.0,0,359.1,0,upload_cloud,1,bniqe
Bniqe,1,481,1.0,0.6172,0.0,1,633.26,1,upload_cloud,1,adaptive_visual_damping
Bniqe,1,482,0.785,0.3925,0.0,1,633.72,0,upload_cloud,1,bniqe
Bniqe,1,483,1.0,0.5431,0.0,1,246.57,0,upload_cloud,1,bniqe
Bniqe,1,484,1.0,0.2145,0.0,1,553.66,0,upload_cloud,1,bniqe
Bniqe,1,485,1.0,0.3935,0.0,0,446.4,0,upload_cloud,1,bniqe
Bniqe,1,486,1.0,0.5778,0.0,0,552.21,1,upload_cloud,1,adaptive_visual_damping
Bniqe,1,487,0.935,0.484,0.0,1,468.63,0,upload_cloud,1,bniqe
Bniqe,1,488,1.0,0.1934,0.0,1,552.74,0,upload_cloud,1,bniqe
Bniqe,1,489,0.934,0.4577,0.0,1,443.76,1,upload_cloud,1,adaptive_visual_damping
Bniqe,1,490,0.9804,0.5754,0.0,0,593.99,0,upload_cloud,1,bniqe
Bniqe,1,491,1.0,0.8131,0.0,0,565.66,1,upload_cloud,1,adaptive_visual_damping
Bniqe,1,492,1.0,0.4196,0.0,0,632.94,0,upload_cloud,1,bniqe
Bniqe,1,493,1.0,0.4228,0.0,1,934.83,2,upload_cloud,1,adaptive_visual_damping
Bniqe,1,494,1.0,0.3767,0.0,0,348.7,0,upload_cloud,1,bniqe
Bniqe,1,495,0.705,0.438,0.0,1,745.08,1,upload_cloud,1,adaptive_visual_damping
Bniqe,1,496,1.0,0.8195,0.0,0,353.56,0,upload_cloud,1,bniqe
Bniqe,1,497,1.0,0.4652,0.0,1,755.89,1,upload_cloud,1,adaptive_visual_damping
Bniqe,1,498,1.0,0.5625,0.0,1,895.06,2,upload_cloud,1,adaptive_visual_damping
Bniqe,1,499,1.0,0.5941,0.0,0,583.89,0,upload_cloud,1,bniqe
