framework,scenario,wall_ms_median,wall_ms_p95,wall_ms_std,memory_mb,jsonl_ms,code_lines,n_steps,error,val_total,val_upload_cloud,val_resample_edge,val_fail_safe,val_all_fields_present
plain_python,A,1.3157560024410486,2.7438016004452948,0.7273686318968847,34.2,1.155,15,1000,,1000,500,500,0,True
vanilla_fsm,A,1.7454939988965634,3.7271229994075834,1.1215038419678005,35.5,1.515,15,1001,,1001,1,0,999,True
dataclass_fsm,A,7.3207229979743715,10.085004397842567,2.160133973270729,37.6,1.476,26,2500,,2500,500,1500,500,True
pydantic_fsm,A,4.37909500033129,5.598430598911364,0.8581539013297648,37.6,1.117,26,2500,,2500,500,1500,500,True
async_fsm,A,3.019464998942567,5.359803202009061,1.1345346014380169,37.6,1.201,15,2500,,2500,500,1500,500,True
langgraph_routing_only,A,4.951014998368919,5.149976599932415,0.9321259094683737,37.6,1.643,78,2500,,2500,500,1500,500,True
langgraph,A,31459.811101001833,106538.59480979953,37973.43906003025,46.7,0.487,78,2500,,2500,500,1500,500,True
fsm_full_pipeline,B,23418.508060000022,25795.21264500072,1312.189431641148,46.7,0.439,15,2500,,2500,500,1500,500,True
langgraph_full_pipeline,B,38241.294482999365,40133.778251001786,1171.8011759401575,46.8,0.691,78,2500,,2500,500,1500,500,True
