reviewer_id,review_item_id,factually_supported,needs_human_review,fhir_acceptable,overall_score,reviewer_comment
,review_b0_001,,,,,
,review_b0_002,,,,,
,review_b0_003,,,,,
,review_b0_004,,,,,
,review_b0_005,,,,,
,review_b0_006,,,,,
,review_b0_007,,,,,
,review_b0_008,,,,,
,review_b1_001,,,,,
,review_b1_002,,,,,
,review_b1_003,,,,,
,review_b1_004,,,,,
,review_b1_005,,,,,
,review_b1_006,,,,,
,review_b1_007,,,,,
,review_b1_008,,,,,
,review_b2_001,,,,,
,review_b2_002,,,,,
,review_b2_003,,,,,
,review_b2_004,,,,,
,review_b2_005,,,,,
,review_b2_006,,,,,
,review_b2_007,,,,,
,review_b2_008,,,,,
,review_b3_001,,,,,
,review_b3_002,,,,,
,review_b3_003,,,,,
,review_b3_004,,,,,
,review_b3_005,,,,,
,review_b3_006,,,,,
,review_b3_007,,,,,
,review_b3_008,,,,,
,review_b4_001,,,,,
,review_b4_002,,,,,
,review_b4_003,,,,,
,review_b4_004,,,,,
,review_b4_005,,,,,
,review_b4_006,,,,,
,review_b4_007,,,,,
,review_b4_008,,,,,
